case,rank,tier,dataset,obj_id,name,scene,im,gt_idx,visib,condition,cad,cad_units_m,pose_source,fp_conf,fp_fail,dsym_mm,dsym_norm,f05,place_mm,settle_mm,world,plane_inlier,plane_angle_deg,bottom_gap_mm,n_cand,n_reach,n_blocked,n_att,n_succ,first_succ,succ,lift_cm,att_seq,fail_reason,runtime_s,ts,yaw_deg,graspable_pose
tless30,1,1,tless,30,obj_30,1,30,3,,gt_pose,gt,0,sim_true,,,,,,0.0,3.5,solo,,,,40,1,1,0,0,0,0,0.0,B,all_blocked,0.3,2026-09-11T15:42:16,0.0,1
tless30,1,1,tless,30,obj_30,1,30,3,,gt,gt,0,fp_solo_render,39.125,,5.19,0.0584,0.5289,10.4,3.5,solo,,,,40,1,1,0,0,0,0,0.0,B,all_blocked,4.3,2026-09-11T15:42:16,0.0,1
tless30,1,1,tless,30,obj_30,1,30,3,,proxy,gso/BIA_Porcelain_Ramekin_With_Glazed_Rim_35_45_oz_cup,1,fp_solo_render,113.039,,6.44,0.0725,0.5236,16.8,3.5,solo,,,,40,7,0,4,1,0,1,14.6,"F,F,F,S",,3.8,2026-09-11T15:42:20,0.0,1
tless30,1,1,tless,30,obj_30,15,28,5,,gt_pose,gt,0,sim_true,,,,,,0.0,3.7,solo,,,,40,1,1,0,0,0,0,0.0,B,all_blocked,0.1,2026-09-11T15:42:24,36.0,1
tless30,1,1,tless,30,obj_30,15,28,5,,gt,gt,0,fp_solo_render,40.75,,7.78,0.0877,0.3291,15.9,3.7,solo,,,,40,10,0,1,1,1,1,14.8,S,,3.4,2026-09-11T15:42:24,36.0,1
tless30,1,1,tless,30,obj_30,15,28,5,,proxy,gso/BIA_Porcelain_Ramekin_With_Glazed_Rim_35_45_oz_cup,1,fp_solo_render,104.078,,9.28,0.1046,0.2795,22.3,3.7,solo,,,,40,8,0,1,1,1,1,15.0,S,,3.0,2026-09-11T15:42:28,36.0,1
tless30,1,1,tless,30,obj_30,19,55,8,,gt_pose,gt,0,sim_true,,,,,,0.0,3.6,solo,,,,40,0,0,0,0,0,0,0.0,,unreachable,0.1,2026-09-11T15:42:31,72.0,1
tless30,1,1,tless,30,obj_30,19,55,8,,gt,gt,0,fp_solo_render,33.625,,4.32,0.0487,0.6036,9.4,3.6,solo,,,,40,8,0,1,1,1,1,14.8,S,,3.4,2026-09-11T15:42:31,72.0,1
tless30,1,1,tless,30,obj_30,19,55,8,,proxy,gso/BIA_Porcelain_Ramekin_With_Glazed_Rim_35_45_oz_cup,1,fp_solo_render,117.156,,6.04,0.0681,0.5051,13.6,3.6,solo,,,,40,16,0,1,1,1,1,14.7,S,,2.9,2026-09-11T15:42:34,72.0,1
tless30,1,1,tless,30,obj_30,1,101,3,,gt_pose,gt,0,sim_true,,,,,,0.0,3.6,solo,,,,40,2,2,0,0,0,0,0.0,"B,B",all_blocked,0.2,2026-09-11T15:42:37,108.0,1
tless30,1,1,tless,30,obj_30,1,101,3,,gt,gt,0,fp_solo_render,30.75,,5.41,0.0609,0.5248,11.1,3.6,solo,,,,40,10,0,1,1,1,1,13.8,S,,3.4,2026-09-11T15:42:38,108.0,1
tless30,1,1,tless,30,obj_30,1,101,3,,proxy,gso/BIA_Porcelain_Ramekin_With_Glazed_Rim_35_45_oz_cup,1,fp_solo_render,101.696,,5.78,0.0651,0.5806,4.4,3.6,solo,,,,40,2,2,0,0,0,0,0.0,"B,B",all_blocked,3.0,2026-09-11T15:42:41,108.0,1
tless30,1,1,tless,30,obj_30,15,62,5,,gt_pose,gt,0,sim_true,,,,,,0.0,3.7,solo,,,,40,1,1,0,0,0,0,0.0,B,all_blocked,0.1,2026-09-11T15:42:44,144.0,1
tless30,1,1,tless,30,obj_30,15,62,5,,gt,gt,0,fp_solo_render,47.594,,10.21,0.1151,0.1811,21.6,3.7,solo,,,,40,12,0,2,1,0,1,14.7,"F,S",,3.4,2026-09-11T15:42:44,144.0,1
tless30,1,1,tless,30,obj_30,15,62,5,,proxy,gso/BIA_Porcelain_Ramekin_With_Glazed_Rim_35_45_oz_cup,1,fp_solo_render,103.877,,11.39,0.1283,0.2374,26.2,3.7,solo,,,,40,4,0,4,0,0,0,0.0,"F,F,F,F",grasp_failed,3.1,2026-09-11T15:42:48,144.0,1
tless30,1,1,tless,30,obj_30,19,128,8,,gt_pose,gt,0,sim_true,,,,,,0.0,3.5,solo,,,,40,2,2,0,0,0,0,0.0,"B,B",all_blocked,0.2,2026-09-11T15:42:51,180.0,1
tless30,1,1,tless,30,obj_30,19,128,8,,gt,gt,0,fp_solo_render,22.875,,2.56,0.0288,0.8108,6.0,3.5,solo,,,,40,14,0,2,1,0,1,14.7,"F,S",,3.3,2026-09-11T15:42:51,180.0,1
tless30,1,1,tless,30,obj_30,19,128,8,,proxy,gso/BIA_Porcelain_Ramekin_With_Glazed_Rim_35_45_oz_cup,1,fp_solo_render,105.547,,5.03,0.0567,0.5983,8.3,3.5,solo,,,,40,0,0,0,0,0,0,0.0,,unreachable,2.8,2026-09-11T15:42:54,180.0,1
tless30,1,1,tless,30,obj_30,1,89,3,,gt_pose,gt,0,sim_true,,,,,,0.0,3.7,solo,,,,40,9,7,2,0,0,0,0.0,"B,B,B,B,B,F,B,F,B",grasp_failed,0.7,2026-09-11T15:42:57,216.0,1
tless30,1,1,tless,30,obj_30,1,89,3,,gt,gt,0,fp_solo_render,39.062,,5.43,0.0612,0.3974,10.8,3.7,solo,,,,40,16,0,1,1,1,1,13.4,S,,3.3,2026-09-11T15:42:58,216.0,1
tless30,1,1,tless,30,obj_30,1,89,3,,proxy,gso/BIA_Porcelain_Ramekin_With_Glazed_Rim_35_45_oz_cup,1,fp_solo_render,118.25,,8.08,0.0911,0.38,20.4,3.7,solo,,,,40,17,0,5,0,0,0,0.0,"F,F,F,F,F",grasp_failed,3.1,2026-09-11T15:43:01,216.0,1
tless30,1,1,tless,30,obj_30,15,40,5,,gt_pose,gt,0,sim_true,,,,,,0.0,3.6,solo,,,,40,7,7,0,0,0,0,0.0,"B,B,B,B,B,B,B",all_blocked,0.5,2026-09-11T15:43:04,252.0,1
tless30,1,1,tless,30,obj_30,15,40,5,,gt,gt,0,fp_solo_render,33.938,,7.52,0.0847,0.3147,15.2,3.6,solo,,,,40,20,0,1,1,1,1,14.6,S,,3.3,2026-09-11T15:43:05,252.0,1
tless30,1,1,tless,30,obj_30,15,40,5,,proxy,gso/BIA_Porcelain_Ramekin_With_Glazed_Rim_35_45_oz_cup,1,fp_solo_render,109.586,,7.77,0.0875,0.3445,11.6,3.6,solo,,,,40,5,3,2,0,0,0,0.0,"F,B,B,B,F",grasp_failed,3.0,2026-09-11T15:43:08,252.0,1
tless30,1,1,tless,30,obj_30,19,150,8,,gt_pose,gt,0,sim_true,,,,,,0.0,3.6,solo,,,,40,1,1,0,0,0,0,0.0,B,all_blocked,0.1,2026-09-11T15:43:11,288.0,1
tless30,1,1,tless,30,obj_30,19,150,8,,gt,gt,0,fp_solo_render,18.312,,6.56,0.0739,0.2456,14.2,3.6,solo,,,,40,13,0,1,1,1,1,14.4,S,,3.3,2026-09-11T15:43:12,288.0,1
tless30,1,1,tless,30,obj_30,19,150,8,,proxy,gso/BIA_Porcelain_Ramekin_With_Glazed_Rim_35_45_oz_cup,1,fp_solo_render,105.133,,7.44,0.0839,0.3079,12.3,3.6,solo,,,,40,0,0,0,0,0,0,0.0,,unreachable,2.8,2026-09-11T15:43:15,288.0,1
tless30,1,1,tless,30,obj_30,1,157,3,,gt_pose,gt,0,sim_true,,,,,,0.0,3.7,solo,,,,40,1,1,0,0,0,0,0.0,B,all_blocked,0.1,2026-09-11T15:43:18,324.0,1
tless30,1,1,tless,30,obj_30,1,157,3,,gt,gt,0,fp_solo_render,21.312,,7.21,0.0812,0.2251,15.4,3.7,solo,,,,40,12,0,1,1,1,1,14.7,S,,3.3,2026-09-11T15:43:18,324.0,1
tless30,1,1,tless,30,obj_30,1,157,3,,proxy,gso/BIA_Porcelain_Ramekin_With_Glazed_Rim_35_45_oz_cup,1,fp_solo_render,112.328,,8.01,0.0903,0.2864,13.2,3.7,solo,,,,40,5,0,1,1,1,1,13.9,S,,2.9,2026-09-11T15:43:21,324.0,1
ycbv2,2,1,ycbv,2,cracker box,50,1324,0,,gt_pose,gt,0,sim_true,,,,,,5.1,4.0,solo,,,,40,3,0,1,1,1,1,12.3,S,,0.6,2026-09-11T15:43:27,0.0,1
ycbv2,2,1,ycbv,2,cracker box,50,1324,0,,gt,gt,0,fp_solo_render,52.781,,4.38,0.0163,1.0,6.5,4.0,solo,,,,40,3,0,1,1,1,1,12.3,S,,3.3,2026-09-11T15:43:27,0.0,1
ycbv2,2,1,ycbv,2,cracker box,50,1324,0,,proxy,gso/Nestle_Carnation_Cinnamon_Coffeecake_Kit_1913OZ,1,fp_solo_render,84.039,,5.7,0.0211,0.9128,8.6,4.0,solo,,,,40,2,0,1,1,1,1,13.5,S,,2.1,2026-09-11T15:43:30,0.0,1
ycbv2,2,1,ycbv,2,cracker box,50,1593,0,,gt_pose,gt,0,sim_true,,,,,,5.1,4.0,solo,,,,40,0,0,0,0,0,0,0.0,,unreachable,0.1,2026-09-11T15:43:33,36.0,1
ycbv2,2,1,ycbv,2,cracker box,50,1593,0,,gt,gt,0,fp_solo_render,52.938,,4.09,0.0152,1.0,6.7,4.0,solo,,,,40,0,0,0,0,0,0,0.0,,unreachable,3.2,2026-09-11T15:43:33,36.0,1
ycbv2,2,1,ycbv,2,cracker box,50,1593,0,,proxy,gso/Nestle_Carnation_Cinnamon_Coffeecake_Kit_1913OZ,1,fp_solo_render,90.312,,5.01,0.0186,0.9203,6.0,4.0,solo,,,,40,0,0,0,0,0,0,0.0,,unreachable,1.3,2026-09-11T15:43:36,36.0,1
ycbv2,2,1,ycbv,2,cracker box,50,1658,0,,gt_pose,gt,0,sim_true,,,,,,5.1,4.0,solo,,,,40,2,0,1,1,1,1,13.5,S,,0.2,2026-09-11T15:43:37,72.0,1
ycbv2,2,1,ycbv,2,cracker box,50,1658,0,,gt,gt,0,fp_solo_render,40.562,,5.85,0.0217,1.0,7.4,4.0,solo,,,,40,2,0,1,1,1,1,14.2,S,,3.3,2026-09-11T15:43:38,72.0,1
ycbv2,2,1,ycbv,2,cracker box,50,1658,0,,proxy,gso/Nestle_Carnation_Cinnamon_Coffeecake_Kit_1913OZ,1,fp_solo_render,80.984,,6.69,0.0248,0.9999,6.6,4.0,solo,,,,40,4,0,1,1,1,1,14.1,S,,1.4,2026-09-11T15:43:41,72.0,1
ycbv2,2,1,ycbv,2,cracker box,50,1708,0,,gt_pose,gt,0,sim_true,,,,,,5.1,4.0,solo,,,,40,2,0,2,0,0,0,0.0,"F,F",grasp_failed,0.2,2026-09-11T15:43:42,108.0,1
ycbv2,2,1,ycbv,2,cracker box,50,1708,0,,gt,gt,0,fp_solo_render,65.281,,6.61,0.0245,1.0,7.6,4.0,solo,,,,40,2,0,2,0,0,0,0.0,"F,F",grasp_failed,3.4,2026-09-11T15:43:43,108.0,1
ycbv2,2,1,ycbv,2,cracker box,50,1708,0,,proxy,gso/Nestle_Carnation_Cinnamon_Coffeecake_Kit_1913OZ,1,fp_solo_render,81.062,,6.95,0.0258,0.9762,10.3,4.0,solo,,,,40,21,0,1,1,1,1,13.8,S,,1.5,2026-09-11T15:43:46,108.0,1
ycbv2,2,1,ycbv,2,cracker box,50,1718,0,,gt_pose,gt,0,sim_true,,,,,,5.1,4.0,solo,,,,40,2,0,1,1,1,1,13.7,S,,0.3,2026-09-11T15:43:48,144.0,1
ycbv2,2,1,ycbv,2,cracker box,50,1718,0,,gt,gt,0,fp_solo_render,54.594,,5.77,0.0214,1.0,7.6,4.0,solo,,,,40,2,0,1,1,1,1,13.5,S,,3.4,2026-09-11T15:43:48,144.0,1
ycbv2,2,1,ycbv,2,cracker box,50,1718,0,,proxy,gso/Nestle_Carnation_Cinnamon_Coffeecake_Kit_1913OZ,1,fp_solo_render,85.758,,6.32,0.0235,0.9323,11.4,4.0,solo,,,,40,8,0,5,0,0,0,0.0,"F,F,F,F,F",grasp_failed,1.7,2026-09-11T15:43:51,144.0,1
ycbv2,2,1,ycbv,2,cracker box,50,1745,0,,gt_pose,gt,0,sim_true,,,,,,5.1,4.0,solo,,,,40,1,0,1,1,1,1,13.6,S,,0.3,2026-09-11T15:43:53,180.0,1
ycbv2,2,1,ycbv,2,cracker box,50,1745,0,,gt,gt,0,fp_solo_render,51.344,,3.37,0.0125,1.0,6.8,4.0,solo,,,,40,1,0,1,1,1,1,13.6,S,,3.4,2026-09-11T15:43:53,180.0,1
ycbv2,2,1,ycbv,2,cracker box,50,1745,0,,proxy,gso/Nestle_Carnation_Cinnamon_Coffeecake_Kit_1913OZ,1,fp_solo_render,92.887,,5.38,0.02,0.9741,9.5,4.0,solo,,,,40,0,0,0,0,0,0,0.0,,unreachable,1.4,2026-09-11T15:43:57,180.0,1
ycbv2,2,1,ycbv,2,cracker box,50,1542,0,,gt_pose,gt,0,sim_true,,,,,,5.1,4.0,solo,,,,40,0,0,0,0,0,0,0.0,,unreachable,0.1,2026-09-11T15:43:58,216.0,1
ycbv2,2,1,ycbv,2,cracker box,50,1542,0,,gt,gt,0,fp_solo_render,59.219,,3.36,0.0125,1.0,7.2,4.0,solo,,,,40,0,0,0,0,0,0,0.0,,unreachable,3.4,2026-09-11T15:43:58,216.0,1
ycbv2,2,1,ycbv,2,cracker box,50,1542,0,,proxy,gso/Nestle_Carnation_Cinnamon_Coffeecake_Kit_1913OZ,1,fp_solo_render,99.547,,5.16,0.0192,0.9925,7.9,4.0,solo,,,,40,0,0,0,0,0,0,0.0,,unreachable,1.4,2026-09-11T15:44:02,216.0,1
ycbv2,2,1,ycbv,2,cracker box,50,1629,0,,gt_pose,gt,0,sim_true,,,,,,5.1,4.0,solo,,,,40,2,0,2,1,0,1,11.8,"F,S",,0.3,2026-09-11T15:44:03,252.0,1
ycbv2,2,1,ycbv,2,cracker box,50,1629,0,,gt,gt,0,fp_solo_render,43.625,,3.56,0.0132,1.0,6.7,4.0,solo,,,,40,27,0,1,1,1,1,14.4,S,,3.5,2026-09-11T15:44:04,252.0,1
ycbv2,2,1,ycbv,2,cracker box,50,1629,0,,proxy,gso/Nestle_Carnation_Cinnamon_Coffeecake_Kit_1913OZ,1,fp_solo_render,84.883,,5.45,0.0202,0.9208,5.9,4.0,solo,,,,40,4,0,1,1,1,1,14.2,S,,1.5,2026-09-11T15:44:07,252.0,1
ycbv2,2,1,ycbv,2,cracker box,50,1695,0,,gt_pose,gt,0,sim_true,,,,,,5.1,4.0,solo,,,,40,2,0,2,0,0,0,0.0,"F,F",grasp_failed,0.2,2026-09-11T15:44:09,288.0,1
ycbv2,2,1,ycbv,2,cracker box,50,1695,0,,gt,gt,0,fp_solo_render,64.5,,5.7,0.0211,1.0,7.8,4.0,solo,,,,40,2,0,2,0,0,0,0.0,"F,F",grasp_failed,3.4,2026-09-11T15:44:09,288.0,1
ycbv2,2,1,ycbv,2,cracker box,50,1695,0,,proxy,gso/Nestle_Carnation_Cinnamon_Coffeecake_Kit_1913OZ,1,fp_solo_render,74.672,,7.96,0.0295,0.8859,11.7,4.0,solo,,,,40,20,0,1,1,1,1,5.5,S,,1.6,2026-09-11T15:44:12,288.0,1
ycbv2,2,1,ycbv,2,cracker box,50,1719,0,,gt_pose,gt,0,sim_true,,,,,,5.1,4.0,solo,,,,40,5,0,1,1,1,1,13.2,S,,0.3,2026-09-11T15:44:14,324.0,1
ycbv2,2,1,ycbv,2,cracker box,50,1719,0,,gt,gt,0,fp_solo_render,59.25,,5.85,0.0217,1.0,7.6,4.0,solo,,,,40,5,1,4,0,0,0,0.0,"F,F,F,F,B",grasp_failed,3.6,2026-09-11T15:44:14,324.0,1
ycbv2,2,1,ycbv,2,cracker box,50,1719,0,,proxy,gso/Nestle_Carnation_Cinnamon_Coffeecake_Kit_1913OZ,1,fp_solo_render,80.875,,7.13,0.0264,0.907,11.4,4.0,solo,,,,40,3,0,1,1,1,1,12.9,S,,1.5,2026-09-11T15:44:18,324.0,1
tless1,3,1,tless,1,obj_1,9,70,2,,gt_pose,gt,0,sim_true,,,,,,0.0,1.3,solo,,,,3,0,0,0,0,0,0,0.0,,unreachable,0.1,2026-09-11T15:44:23,0.0,1
tless1,3,1,tless,1,obj_1,9,70,2,,gt,gt,0,fp_solo_render,56.75,,4.36,0.0687,0.5047,13.3,1.3,solo,,,,3,0,0,0,0,0,0,0.0,,unreachable,3.4,2026-09-11T15:44:23,0.0,1
tless1,3,1,tless,1,obj_1,9,70,2,,proxy,itodd/obj_000024,0,fp_solo_render,120.312,,6.45,0.1015,0.367,15.9,1.3,solo,,,,40,15,0,1,1,1,1,14.8,S,,1.3,2026-09-11T15:44:26,0.0,1
tless1,3,1,tless,1,obj_1,18,206,1,,gt_pose,gt,0,sim_true,,,,,,0.0,1.3,solo,,,,3,0,0,0,0,0,0,0.0,,unreachable,0.1,2026-09-11T15:44:28,36.0,1
tless1,3,1,tless,1,obj_1,18,206,1,,gt,gt,0,fp_solo_render,50.688,,3.29,0.0518,0.5947,11.3,1.3,solo,,,,3,0,0,0,0,0,0,0.0,,unreachable,3.3,2026-09-11T15:44:28,36.0,1
tless1,3,1,tless,1,obj_1,18,206,1,,proxy,itodd/obj_000024,0,fp_solo_render,138.969,,4.38,0.069,0.4863,13.9,1.3,solo,,,,40,10,0,2,1,0,1,14.9,"F,S",,1.3,2026-09-11T15:44:31,36.0,1
tless1,3,1,tless,1,obj_1,20,58,5,,gt_pose,gt,0,sim_true,,,,,,0.0,1.3,solo,,,,3,0,0,0,0,0,0,0.0,,unreachable,0.1,2026-09-11T15:44:32,72.0,1
tless1,3,1,tless,1,obj_1,20,58,5,,gt,gt,0,fp_solo_render,67.281,,2.86,0.0451,0.6619,9.5,1.3,solo,,,,3,0,0,0,0,0,0,0.0,,unreachable,3.3,2026-09-11T15:44:33,72.0,1
tless1,3,1,tless,1,obj_1,20,58,5,,proxy,itodd/obj_000024,0,fp_solo_render,118.078,,5.57,0.0877,0.429,13.9,1.3,solo,,,,40,20,0,1,1,1,1,14.8,S,,1.3,2026-09-11T15:44:36,72.0,1
tless1,3,1,tless,1,obj_1,9,136,2,,gt_pose,gt,0,sim_true,,,,,,0.0,1.3,solo,,,,3,0,0,0,0,0,0,0.0,,unreachable,0.1,2026-09-11T15:44:37,108.0,1
tless1,3,1,tless,1,obj_1,9,136,2,,gt,gt,0,fp_solo_render,43.125,,2.05,0.0322,0.7906,6.4,1.3,solo,,,,3,0,0,0,0,0,0,0.0,,unreachable,3.2,2026-09-11T15:44:37,108.0,1
tless1,3,1,tless,1,obj_1,9,136,2,,proxy,itodd/obj_000024,0,fp_solo_render,135.469,,4.98,0.0783,0.5436,13.6,1.3,solo,,,,40,17,0,1,1,1,1,14.9,S,,1.2,2026-09-11T15:44:41,108.0,1
tless1,3,1,tless,1,obj_1,18,426,1,,gt_pose,gt,0,sim_true,,,,,,0.0,1.3,solo,,,,3,0,0,0,0,0,0,0.0,,unreachable,0.1,2026-09-11T15:44:42,144.0,1
tless1,3,1,tless,1,obj_1,18,426,1,,gt,gt,0,fp_solo_render,30.875,,9.0,0.1417,0.2787,28.9,1.3,solo,,,,3,0,0,0,0,0,0,0.0,,unreachable,3.3,2026-09-11T15:44:42,144.0,1
tless1,3,1,tless,1,obj_1,18,426,1,,proxy,itodd/obj_000024,0,fp_solo_render,134.438,,10.16,0.1599,0.2424,29.4,1.3,solo,,,,40,11,0,5,0,0,0,0.0,"F,F,F,F,F",grasp_failed,1.3,2026-09-11T15:44:45,144.0,1
tless1,3,1,tless,1,obj_1,20,67,5,,gt_pose,gt,0,sim_true,,,,,,0.0,1.3,solo,,,,3,0,0,0,0,0,0,0.0,,unreachable,0.1,2026-09-11T15:44:47,180.0,1
tless1,3,1,tless,1,obj_1,20,67,5,,gt,gt,0,fp_solo_render,66.531,,4.07,0.0641,0.5386,12.7,1.3,solo,,,,3,0,0,0,0,0,0,0.0,,unreachable,3.3,2026-09-11T15:44:47,180.0,1
tless1,3,1,tless,1,obj_1,20,67,5,,proxy,itodd/obj_000024,0,fp_solo_render,116.719,,6.17,0.0971,0.4059,15.8,1.3,solo,,,,40,17,0,2,1,0,1,14.7,"F,S",,1.3,2026-09-11T15:44:50,180.0,1
tless1,3,1,tless,1,obj_1,18,439,1,,gt_pose,gt,0,sim_true,,,,,,0.0,1.3,solo,,,,3,0,0,0,0,0,0,0.0,,unreachable,0.1,2026-09-11T15:44:52,216.0,1
tless1,3,1,tless,1,obj_1,18,439,1,,gt,gt,0,fp_solo_render,29.062,,12.4,0.1952,0.1814,35.7,1.3,solo,,,,3,0,0,0,0,0,0,0.0,,unreachable,3.3,2026-09-11T15:44:52,216.0,1
tless1,3,1,tless,1,obj_1,18,439,1,,proxy,itodd/obj_000024,0,fp_solo_render,131.125,,13.58,0.2138,0.1628,35.9,1.3,solo,,,,40,11,0,5,0,0,0,0.0,"F,F,F,F,F",grasp_failed,1.3,2026-09-11T15:44:55,216.0,1
tless1,3,1,tless,1,obj_1,20,133,5,,gt_pose,gt,0,sim_true,,,,,,0.0,1.3,solo,,,,3,0,0,0,0,0,0,0.0,,unreachable,0.1,2026-09-11T15:44:57,252.0,1
tless1,3,1,tless,1,obj_1,20,133,5,,gt,gt,0,fp_solo_render,56.812,,2.09,0.0329,0.7877,6.5,1.3,solo,,,,3,0,0,0,0,0,0,0.0,,unreachable,3.3,2026-09-11T15:44:57,252.0,1
tless1,3,1,tless,1,obj_1,20,133,5,,proxy,itodd/obj_000024,0,fp_solo_render,120.312,,4.92,0.0774,0.5401,13.1,1.3,solo,,,,40,6,0,1,1,1,1,13.0,S,,1.3,2026-09-11T15:45:00,252.0,1
tless1,3,1,tless,1,obj_1,20,208,5,,gt_pose,gt,0,sim_true,,,,,,0.0,1.3,solo,,,,3,0,0,0,0,0,0,0.0,,unreachable,0.1,2026-09-11T15:45:01,288.0,1
tless1,3,1,tless,1,obj_1,20,208,5,,gt,gt,0,fp_solo_render,44.594,,3.44,0.0542,0.5765,11.6,1.3,solo,,,,3,0,0,0,0,0,0,0.0,,unreachable,3.3,2026-09-11T15:45:01,288.0,1
tless1,3,1,tless,1,obj_1,20,208,5,,proxy,itodd/obj_000024,0,fp_solo_render,136.125,,4.36,0.0687,0.4908,14.1,1.3,solo,,,,40,10,0,1,1,1,1,14.7,S,,1.2,2026-09-11T15:45:05,288.0,1
tless4,4,1,tless,4,obj_4,5,31,1,,gt_pose,gt,0,sim_true,,,,,,0.0,1.7,solo,,,,40,14,0,1,1,1,1,14.9,S,,0.2,2026-09-11T15:45:06,0.0,1
tless4,4,1,tless,4,obj_4,5,31,1,,gt,gt,0,fp_solo_render,51.094,,4.24,0.0526,0.4956,8.5,1.7,solo,,,,40,14,0,1,1,1,1,14.4,S,,1.6,2026-09-11T15:45:07,0.0,1
tless4,4,1,tless,4,obj_4,5,31,1,,proxy,gso/Germanium_GE132,1,fp_solo_render,114.711,,9.16,0.1135,0.3062,22.9,1.7,solo,,,,40,8,0,1,1,1,1,14.3,S,,2.5,2026-09-11T15:45:08,0.0,1
tless4,4,1,tless,4,obj_4,9,0,8,,gt_pose,gt,0,sim_true,,,,,,0.0,1.7,solo,,,,40,12,0,1,1,1,1,14.6,S,,0.2,2026-09-11T15:45:11,36.0,1
tless4,4,1,tless,4,obj_4,9,0,8,,gt,gt,0,fp_solo_render,61.719,,6.63,0.0821,0.2872,13.9,1.7,solo,,,,40,12,0,1,1,1,1,14.8,S,,1.6,2026-09-11T15:45:11,36.0,1
tless4,4,1,tless,4,obj_4,9,0,8,,proxy,gso/Germanium_GE132,1,fp_solo_render,116.797,,8.37,0.1037,0.2331,17.2,1.7,solo,,,,40,9,0,2,1,0,1,15.0,"F,S",,2.0,2026-09-11T15:45:13,36.0,1
tless4,4,1,tless,4,obj_4,17,3,4,,gt_pose,gt,0,sim_true,,,,,,0.0,1.7,solo,,,,40,10,0,1,1,1,1,14.7,S,,0.2,2026-09-11T15:45:15,72.0,1
tless4,4,1,tless,4,obj_4,17,3,4,,gt,gt,0,fp_solo_render,60.688,,6.99,0.0867,0.2678,14.4,1.7,solo,,,,40,10,0,1,1,1,1,7.1,S,,1.6,2026-09-11T15:45:15,72.0,1
tless4,4,1,tless,4,obj_4,17,3,4,,proxy,gso/Germanium_GE132,1,fp_solo_render,119.422,,8.49,0.1052,0.221,16.9,1.7,solo,,,,40,14,0,1,1,1,1,14.8,S,,1.9,2026-09-11T15:45:16,72.0,1
tless4,4,1,tless,4,obj_4,20,3,17,,gt_pose,gt,0,sim_true,,,,,,0.0,1.7,solo,,,,40,10,0,1,1,1,1,14.8,S,,0.2,2026-09-11T15:45:19,108.0,1
tless4,4,1,tless,4,obj_4,20,3,17,,gt,gt,0,fp_solo_render,60.531,,6.81,0.0844,0.2778,13.8,1.7,solo,,,,40,15,0,1,1,1,1,14.8,S,,1.5,2026-09-11T15:45:19,108.0,1
tless4,4,1,tless,4,obj_4,20,3,17,,proxy,gso/Germanium_GE132,1,fp_solo_render,122.453,,8.08,0.1001,0.2357,15.5,1.7,solo,,,,40,11,0,1,1,1,1,14.8,S,,1.9,2026-09-11T15:45:20,108.0,1
tless4,4,1,tless,4,obj_4,5,64,1,,gt_pose,gt,0,sim_true,,,,,,0.0,1.7,solo,,,,40,13,0,1,1,1,1,14.6,S,,0.2,2026-09-11T15:45:22,144.0,1
tless4,4,1,tless,4,obj_4,5,64,1,,gt,gt,0,fp_solo_render,62.188,,5.21,0.0646,0.4094,10.6,1.7,solo,,,,40,14,0,2,1,0,1,14.7,"F,S",,1.5,2026-09-11T15:45:22,144.0,1
tless4,4,1,tless,4,obj_4,5,64,1,,proxy,gso/Germanium_GE132,1,fp_solo_render,106.48,,10.36,0.1284,0.2442,26.0,1.7,solo,,,,40,13,0,3,1,0,1,14.7,"F,F,S",,2.0,2026-09-11T15:45:24,144.0,1
tless4,4,1,tless,4,obj_4,9,31,8,,gt_pose,gt,0,sim_true,,,,,,0.0,1.7,solo,,,,40,7,0,1,1,1,1,14.6,S,,0.2,2026-09-11T15:45:26,180.0,1
tless4,4,1,tless,4,obj_4,9,31,8,,gt,gt,0,fp_solo_render,58.156,,4.79,0.0594,0.4154,9.6,1.7,solo,,,,40,7,0,1,1,1,1,14.6,S,,1.5,2026-09-11T15:45:26,180.0,1
tless4,4,1,tless,4,obj_4,9,31,8,,proxy,gso/Germanium_GE132,1,fp_solo_render,124.516,,6.62,0.0821,0.3099,13.1,1.7,solo,,,,40,12,0,1,1,1,1,15.0,S,,1.8,2026-09-11T15:45:28,180.0,1
tless4,4,1,tless,4,obj_4,5,70,1,,gt_pose,gt,0,sim_true,,,,,,0.0,1.7,solo,,,,40,13,0,1,1,1,1,14.8,S,,0.2,2026-09-11T15:45:30,216.0,1
tless4,4,1,tless,4,obj_4,5,70,1,,gt,gt,0,fp_solo_render,75.281,,5.97,0.0739,0.3587,11.9,1.7,solo,,,,40,13,0,2,1,0,1,14.7,"F,S",,1.6,2026-09-11T15:45:30,216.0,1
tless4,4,1,tless,4,obj_4,5,70,1,,proxy,gso/Germanium_GE132,1,fp_solo_render,105.812,,11.23,0.1391,0.2085,26.8,1.7,solo,,,,40,8,0,1,1,1,1,14.2,S,,1.9,2026-09-11T15:45:32,216.0,1
tless4,4,1,tless,4,obj_4,9,31,10,,gt_pose,gt,0,sim_true,,,,,,0.0,1.7,solo,,,,40,11,0,1,1,1,1,14.1,S,,0.2,2026-09-11T15:45:34,252.0,1
tless4,4,1,tless,4,obj_4,9,31,10,,gt,gt,0,fp_solo_render,52.031,,4.5,0.0558,0.4628,9.0,1.7,solo,,,,40,9,0,1,1,1,1,14.4,S,,1.5,2026-09-11T15:45:34,252.0,1
tless4,4,1,tless,4,obj_4,9,31,10,,proxy,gso/Germanium_GE132,1,fp_solo_render,120.75,,6.67,0.0826,0.3341,12.8,1.7,solo,,,,40,12,0,1,1,1,1,14.8,S,,1.9,2026-09-11T15:45:35,252.0,1
tless4,4,1,tless,4,obj_4,17,324,3,,gt_pose,gt,0,sim_true,,,,,,0.0,1.7,solo,,,,40,13,0,1,1,1,1,14.6,S,,0.2,2026-09-11T15:45:37,288.0,1
tless4,4,1,tless,4,obj_4,17,324,3,,gt,gt,0,fp_solo_render,53.281,,10.11,0.1252,0.2552,27.5,1.7,solo,,,,40,20,0,1,1,1,1,14.4,S,,1.5,2026-09-11T15:45:38,288.0,1
tless4,4,1,tless,4,obj_4,17,324,3,,proxy,gso/Germanium_GE132,1,fp_solo_render,135.312,,10.9,0.135,0.2075,26.4,1.7,solo,,,,40,17,0,2,1,0,1,14.4,"F,S",,1.9,2026-09-11T15:45:39,288.0,1
tless4,4,1,tless,4,obj_4,20,21,16,,gt_pose,gt,0,sim_true,,,,,,0.0,1.7,solo,,,,40,8,0,1,1,1,1,14.7,S,,0.2,2026-09-11T15:45:41,324.0,1
tless4,4,1,tless,4,obj_4,20,21,16,,gt,gt,0,fp_solo_render,56.062,,6.6,0.0818,0.3184,13.1,1.7,solo,,,,40,7,0,1,1,1,1,14.9,S,,1.6,2026-09-11T15:45:42,324.0,1
tless4,4,1,tless,4,obj_4,20,21,16,,proxy,gso/Germanium_GE132,1,fp_solo_render,109.609,,11.21,0.1388,0.2047,26.4,1.7,solo,,,,40,8,0,1,1,1,1,6.5,S,,1.9,2026-09-11T15:45:43,324.0,1
tless19,5,1,tless,19,obj_19,8,25,0,,gt_pose,gt,0,sim_true,,,,,,0.0,6.0,solo,,,,40,9,0,4,1,0,1,14.4,"F,F,F,S",,0.4,2026-09-11T15:45:45,0.0,1
tless19,5,1,tless,19,obj_19,8,25,0,,gt,gt,0,fp_solo_render,45.938,,3.69,0.0415,0.604,9.1,6.0,solo,,,,40,10,0,1,1,1,1,14.5,S,,1.9,2026-09-11T15:45:46,0.0,1
tless19,5,1,tless,19,obj_19,8,25,0,,proxy,itodd/obj_000018,0,fp_solo_render,123.094,,6.98,0.0783,0.4507,13.9,6.0,solo,,,,14,3,0,3,0,0,0,0.0,"F,F,F",grasp_failed,1.2,2026-09-11T15:45:48,0.0,1
tless19,5,1,tless,19,obj_19,10,103,0,,gt_pose,gt,0,sim_true,,,,,,0.0,6.0,solo,,,,40,9,0,3,1,0,1,14.7,"F,F,S",,0.4,2026-09-11T15:45:49,36.0,1
tless19,5,1,tless,19,obj_19,10,103,0,,gt,gt,0,fp_solo_render,-5.875,,3.65,0.041,0.6575,9.4,6.0,solo,,,,40,8,0,1,1,1,1,14.6,S,,1.9,2026-09-11T15:45:49,36.0,1
tless19,5,1,tless,19,obj_19,10,103,0,,proxy,itodd/obj_000018,0,fp_solo_render,132.5,,6.07,0.0682,0.4881,6.6,6.0,solo,,,,14,4,0,4,0,0,0,0.0,"F,F,F,F",grasp_failed,1.2,2026-09-11T15:45:51,36.0,1
tless19,5,1,tless,19,obj_19,13,144,0,,gt_pose,gt,0,sim_true,,,,,,0.0,6.2,solo,,,,40,7,0,5,1,0,1,14.8,"F,F,F,F,S",,0.4,2026-09-11T15:45:53,72.0,1
tless19,5,1,tless,19,obj_19,13,144,0,,gt,gt,0,fp_solo_render,18.438,,7.84,0.088,0.3435,23.1,6.2,solo,,,,40,13,0,1,1,1,1,14.8,S,,2.0,2026-09-11T15:45:53,72.0,1
tless19,5,1,tless,19,obj_19,13,144,0,,proxy,itodd/obj_000018,0,fp_solo_render,124.156,,12.68,0.1424,0.2554,28.7,6.2,solo,,,,14,5,2,3,0,0,0,0.0,"F,F,F,B,B",grasp_failed,1.3,2026-09-11T15:45:55,72.0,1
tless19,5,1,tless,19,obj_19,14,74,0,,gt_pose,gt,0,sim_true,,,,,,0.0,6.2,solo,,,,40,8,0,3,1,0,1,14.5,"F,F,S",,0.3,2026-09-11T15:45:56,108.0,1
tless19,5,1,tless,19,obj_19,14,74,0,,gt,gt,0,fp_solo_render,0.625,,5.23,0.0588,0.4362,13.8,6.2,solo,,,,40,4,0,4,0,0,0,0.0,"F,F,F,F",grasp_failed,1.9,2026-09-11T15:45:57,108.0,1
tless19,5,1,tless,19,obj_19,14,74,0,,proxy,itodd/obj_000018,0,fp_solo_render,129.672,,10.59,0.1189,0.3598,20.3,6.2,solo,,,,14,8,0,3,1,0,1,14.6,"F,F,S",,1.2,2026-09-11T15:45:59,108.0,1
tless19,5,1,tless,19,obj_19,8,92,0,,gt_pose,gt,0,sim_true,,,,,,0.0,6.0,solo,,,,40,6,0,2,1,0,1,14.2,"F,S",,0.3,2026-09-11T15:46:00,144.0,1
tless19,5,1,tless,19,obj_19,8,92,0,,gt,gt,0,fp_solo_render,2.562,,4.29,0.0481,0.6113,12.6,6.0,solo,,,,40,8,1,5,1,0,1,12.6,"F,F,F,F,B,S",,2.1,2026-09-11T15:46:00,144.0,1
tless19,5,1,tless,19,obj_19,8,92,0,,proxy,itodd/obj_000018,0,fp_solo_render,139.781,,9.39,0.1055,0.3049,14.4,6.0,solo,,,,14,0,0,0,0,0,0,0.0,,unreachable,1.0,2026-09-11T15:46:02,144.0,1
tless19,5,1,tless,19,obj_19,10,168,0,,gt_pose,gt,0,sim_true,,,,,,0.0,6.0,solo,,,,40,6,0,3,1,0,1,13.1,"F,F,S",,0.3,2026-09-11T15:46:04,180.0,1
tless19,5,1,tless,19,obj_19,10,168,0,,gt,gt,0,fp_solo_render,19.562,,3.76,0.0422,0.6839,9.7,6.0,solo,,,,40,5,0,4,1,0,1,14.6,"F,F,F,S",,2.0,2026-09-11T15:46:04,180.0,1
tless19,5,1,tless,19,obj_19,10,168,0,,proxy,itodd/obj_000018,0,fp_solo_render,139.562,,8.91,0.1,0.3964,14.4,6.0,solo,,,,14,4,0,1,1,1,1,14.6,S,,1.1,2026-09-11T15:46:06,180.0,1
tless19,5,1,tless,19,obj_19,8,34,0,,gt_pose,gt,0,sim_true,,,,,,0.0,6.3,solo,,,,40,8,0,3,1,0,1,14.0,"F,F,S",,0.3,2026-09-11T15:46:07,216.0,1
tless19,5,1,tless,19,obj_19,8,34,0,,gt,gt,0,fp_solo_render,6.375,,2.89,0.0325,0.8158,6.4,6.3,solo,,,,40,8,0,1,1,1,1,14.9,S,,1.9,2026-09-11T15:46:08,216.0,1
tless19,5,1,tless,19,obj_19,8,34,0,,proxy,itodd/obj_000018,0,fp_solo_render,130.938,,7.14,0.0801,0.4342,10.6,6.3,solo,,,,14,7,0,3,1,0,1,14.3,"F,F,S",,1.2,2026-09-11T15:46:10,216.0,1
tless19,5,1,tless,19,obj_19,10,129,0,,gt_pose,gt,0,sim_true,,,,,,0.0,1.4,solo,,,,40,10,0,3,1,0,1,14.8,"F,F,S",,0.3,2026-09-11T15:46:11,252.0,1
tless19,5,1,tless,19,obj_19,10,129,0,,gt,gt,0,fp_solo_render,3.0,,3.94,0.0443,0.6771,10.1,1.4,solo,,,,40,10,0,1,1,1,1,14.9,S,,2.0,2026-09-11T15:46:11,252.0,1
tless19,5,1,tless,19,obj_19,10,129,0,,proxy,itodd/obj_000018,0,fp_solo_render,134.688,,7.16,0.0804,0.4595,12.3,1.4,solo,,,,14,4,0,2,1,0,1,14.6,"F,S",,1.1,2026-09-11T15:46:13,252.0,1
tless19,5,1,tless,19,obj_19,13,172,0,,gt_pose,gt,0,sim_true,,,,,,0.0,6.1,solo,,,,40,11,0,4,1,0,1,14.4,"F,F,F,S",,0.4,2026-09-11T15:46:14,288.0,1
tless19,5,1,tless,19,obj_19,13,172,0,,gt,gt,0,fp_solo_render,28.875,,7.78,0.0874,0.4269,24.4,6.1,solo,,,,40,11,0,2,1,0,1,14.8,"F,S",,1.9,2026-09-11T15:46:15,288.0,1
tless19,5,1,tless,19,obj_19,13,172,0,,proxy,itodd/obj_000018,0,fp_solo_render,140.562,,12.52,0.1406,0.1969,23.9,6.1,solo,,,,14,5,0,1,1,1,1,15.0,S,,1.1,2026-09-11T15:46:17,288.0,1
tless19,5,1,tless,19,obj_19,14,143,0,,gt_pose,gt,0,sim_true,,,,,,0.0,6.0,solo,,,,40,12,0,1,1,1,1,15.0,S,,0.2,2026-09-11T15:46:18,324.0,1
tless19,5,1,tless,19,obj_19,14,143,0,,gt,gt,0,fp_solo_render,19.062,,4.64,0.0521,0.54,13.7,6.0,solo,,,,40,14,0,1,1,1,1,15.0,S,,1.9,2026-09-11T15:46:18,324.0,1
tless19,5,1,tless,19,obj_19,14,143,0,,proxy,itodd/obj_000018,0,fp_solo_render,131.094,,8.4,0.0943,0.3954,17.3,6.0,solo,,,,14,4,0,2,1,0,1,14.9,"F,S",,1.1,2026-09-11T15:46:20,324.0,1
tless21,6,1,tless,21,obj_21,8,52,2,,gt_pose,gt,0,sim_true,,,,,,0.0,1.4,solo,,,,40,15,0,2,1,0,1,5.9,"F,S",,0.4,2026-09-11T15:46:22,0.0,1
tless21,6,1,tless,21,obj_21,8,52,2,,gt,gt,0,fp_solo_render,-4.688,,3.06,0.0332,0.737,7.1,1.4,solo,,,,40,14,0,2,1,0,1,5.6,"F,S",,3.4,2026-09-11T15:46:22,0.0,1
tless21,6,1,tless,21,obj_21,8,52,2,,proxy,gso/Android_Figure_Chrome,1,fp_solo_render,142.875,,8.62,0.0934,0.3837,17.9,1.4,solo,,,,40,10,0,2,1,0,1,5.3,"F,S",,2.9,2026-09-11T15:46:26,0.0,1
tless21,6,1,tless,21,obj_21,10,71,2,,gt_pose,gt,0,sim_true,,,,,,0.0,1.7,solo,,,,40,10,0,2,1,0,1,14.8,"F,S",,0.4,2026-09-11T15:46:29,36.0,1
tless21,6,1,tless,21,obj_21,10,71,2,,gt,gt,0,fp_solo_render,3.062,,8.33,0.0903,0.3725,24.1,1.7,solo,,,,40,10,0,2,1,0,1,7.2,"F,S",,3.4,2026-09-11T15:46:29,36.0,1
tless21,6,1,tless,21,obj_21,10,71,2,,proxy,gso/Android_Figure_Chrome,1,fp_solo_render,135.688,,15.46,0.1676,0.1664,32.6,1.7,solo,,,,40,22,0,5,1,0,1,13.6,"F,F,F,F,S",,3.0,2026-09-11T15:46:33,36.0,1
tless21,6,1,tless,21,obj_21,13,399,3,,gt_pose,gt,0,sim_true,,,,,,0.0,1.4,solo,,,,40,14,0,2,1,0,1,5.6,"F,S",,0.5,2026-09-11T15:46:36,72.0,1
tless21,6,1,tless,21,obj_21,13,399,3,,gt,gt,0,fp_solo_render,45.438,,11.97,0.1298,0.2853,28.5,1.4,solo,,,,40,14,0,5,0,0,0,0.0,"F,F,F,F,F",grasp_failed,3.4,2026-09-11T15:46:36,72.0,1
tless21,6,1,tless,21,obj_21,13,399,3,,proxy,gso/Android_Figure_Chrome,1,fp_solo_render,135.125,,23.62,0.2561,0.0839,54.4,1.4,solo,,,,40,5,2,3,0,0,0,0.0,"F,F,F,B,B",grasp_failed,2.4,2026-09-11T15:46:40,72.0,1
tless21,6,1,tless,21,obj_21,8,68,2,,gt_pose,gt,0,sim_true,,,,,,0.0,1.7,solo,,,,40,13,0,2,1,0,1,5.9,"F,S",,0.4,2026-09-11T15:46:42,108.0,1
tless21,6,1,tless,21,obj_21,8,68,2,,gt,gt,0,fp_solo_render,5.0,,3.57,0.0387,0.737,10.9,1.7,solo,,,,40,14,0,3,1,0,1,14.6,"F,F,S",,3.5,2026-09-11T15:46:43,108.0,1
tless21,6,1,tless,21,obj_21,8,68,2,,proxy,gso/Android_Figure_Chrome,1,fp_solo_render,141.219,,6.91,0.0749,0.3997,15.8,1.7,solo,,,,40,9,0,1,1,1,1,8.6,S,,2.4,2026-09-11T15:46:46,108.0,1
tless21,6,1,tless,21,obj_21,10,230,2,,gt_pose,gt,0,sim_true,,,,,,0.0,1.4,solo,,,,40,9,0,1,1,1,1,6.2,S,,0.3,2026-09-11T15:46:49,144.0,1
tless21,6,1,tless,21,obj_21,10,230,2,,gt,gt,0,fp_solo_render,33.812,,5.2,0.0563,0.5149,15.4,1.4,solo,,,,40,9,0,1,1,1,1,8.5,S,,3.2,2026-09-11T15:46:49,144.0,1
tless21,6,1,tless,21,obj_21,10,230,2,,proxy,gso/Android_Figure_Chrome,1,fp_solo_render,144.25,,11.24,0.1219,0.2629,30.1,1.4,solo,,,,40,6,0,1,1,1,1,7.5,S,,2.5,2026-09-11T15:46:52,144.0,1
tless21,6,1,tless,21,obj_21,8,127,2,,gt_pose,gt,0,sim_true,,,,,,0.0,1.5,solo,,,,40,14,0,2,1,0,1,9.0,"F,S",,0.4,2026-09-11T15:46:55,180.0,1
tless21,6,1,tless,21,obj_21,8,127,2,,gt,gt,0,fp_solo_render,25.562,,2.38,0.0258,0.8678,6.0,1.5,solo,,,,40,14,0,2,1,0,1,14.2,"F,S",,3.3,2026-09-11T15:46:55,180.0,1
tless21,6,1,tless,21,obj_21,8,127,2,,proxy,gso/Android_Figure_Chrome,1,fp_solo_render,143.469,,7.91,0.0858,0.4034,15.9,1.5,solo,,,,40,8,0,2,1,0,1,6.4,"F,S",,2.4,2026-09-11T15:46:59,180.0,1
tless21,6,1,tless,21,obj_21,8,178,2,,gt_pose,gt,0,sim_true,,,,,,0.0,1.8,solo,,,,40,12,0,3,1,0,1,6.4,"F,F,S",,0.5,2026-09-11T15:47:01,216.0,1
tless21,6,1,tless,21,obj_21,8,178,2,,gt,gt,0,fp_solo_render,13.125,,6.21,0.0673,0.4472,18.6,1.8,solo,,,,40,12,0,5,0,0,0,0.0,"F,F,F,F,F",grasp_failed,3.4,2026-09-11T15:47:02,216.0,1
tless21,6,1,tless,21,obj_21,8,178,2,,proxy,gso/Android_Figure_Chrome,1,fp_solo_render,137.188,,13.23,0.1434,0.226,29.6,1.8,solo,,,,40,17,0,5,0,0,0,0.0,"F,F,F,F,F",grasp_failed,2.8,2026-09-11T15:47:05,216.0,1
tless21,6,1,tless,21,obj_21,8,228,2,,gt_pose,gt,0,sim_true,,,,,,0.0,1.7,solo,,,,40,16,0,5,0,0,0,0.0,"F,F,F,F,F",grasp_failed,0.5,2026-09-11T15:47:08,252.0,1
tless21,6,1,tless,21,obj_21,8,228,2,,gt,gt,0,fp_solo_render,18.875,,8.72,0.0945,0.3583,24.5,1.7,solo,,,,40,16,0,5,0,0,0,0.0,"F,F,F,F,F",grasp_failed,3.5,2026-09-11T15:47:08,252.0,1
tless21,6,1,tless,21,obj_21,8,228,2,,proxy,gso/Android_Figure_Chrome,1,fp_solo_render,140.062,,10.87,0.1178,0.2723,31.0,1.7,solo,,,,40,11,0,4,1,0,1,12.6,"F,F,F,S",,2.9,2026-09-11T15:47:12,252.0,1
tless21,6,1,tless,21,obj_21,8,333,2,,gt_pose,gt,0,sim_true,,,,,,0.0,1.4,solo,,,,40,16,0,2,1,0,1,14.8,"F,S",,0.4,2026-09-11T15:47:15,288.0,1
tless21,6,1,tless,21,obj_21,8,333,2,,gt,gt,0,fp_solo_render,27.5,,12.17,0.1319,0.2445,28.6,1.4,solo,,,,40,17,0,5,0,0,0,0.0,"F,F,F,F,F",grasp_failed,3.4,2026-09-11T15:47:15,288.0,1
tless21,6,1,tless,21,obj_21,8,333,2,,proxy,gso/Android_Figure_Chrome,1,fp_solo_render,144.719,,23.28,0.2523,0.078,47.5,1.4,solo,,,,40,9,0,5,0,0,0,0.0,"F,F,F,F,F",grasp_failed,2.7,2026-09-11T15:47:19,288.0,1
tless21,6,1,tless,21,obj_21,13,392,4,,gt_pose,gt,0,sim_true,,,,,,0.0,1.7,solo,,,,40,16,0,2,1,0,1,5.3,"F,S",,0.4,2026-09-11T15:47:21,324.0,1
tless21,6,1,tless,21,obj_21,13,392,4,,gt,gt,0,fp_solo_render,47.0,,12.12,0.1314,0.242,31.4,1.7,solo,,,,40,17,0,5,0,0,0,0.0,"F,F,F,F,F",grasp_failed,3.3,2026-09-11T15:47:22,324.0,1
tless21,6,1,tless,21,obj_21,13,392,4,,proxy,gso/Android_Figure_Chrome,1,fp_solo_render,141.281,,21.02,0.2279,0.1556,48.2,1.7,solo,,,,40,0,0,0,0,0,0,0.0,,unreachable,2.2,2026-09-11T15:47:25,324.0,1
tless10,7,1,tless,10,obj_10,5,317,3,,gt_pose,gt,0,sim_true,,,,,,0.0,1.6,solo,,,,40,2,0,2,0,0,0,0.0,"F,F",grasp_failed,0.3,2026-09-11T15:47:28,0.0,1
tless10,7,1,tless,10,obj_10,5,317,3,,gt,gt,0,fp_solo_render,24.188,,13.31,0.1475,0.2635,34.3,1.6,solo,,,,40,2,0,2,0,0,0,0.0,"F,F",grasp_failed,3.5,2026-09-11T15:47:28,0.0,1
tless10,7,1,tless,10,obj_10,5,317,3,,proxy,itodd/obj_000018,0,fp_solo_render,136.375,,11.71,0.1298,0.2163,19.3,1.6,solo,,,,14,0,0,0,0,0,0,0.0,,unreachable,1.0,2026-09-11T15:47:31,0.0,1
tless10,7,1,tless,10,obj_10,11,322,3,,gt_pose,gt,0,sim_true,,,,,,0.0,1.6,solo,,,,40,2,0,2,0,0,0,0.0,"F,F",grasp_failed,0.3,2026-09-11T15:47:33,36.0,1
tless10,7,1,tless,10,obj_10,11,322,3,,gt,gt,0,fp_solo_render,18.375,,8.92,0.0989,0.3342,24.7,1.6,solo,,,,40,2,0,2,0,0,0,0.0,"F,F",grasp_failed,3.5,2026-09-11T15:47:33,36.0,1
tless10,7,1,tless,10,obj_10,11,322,3,,proxy,itodd/obj_000018,0,fp_solo_render,136.844,,11.78,0.1306,0.2573,27.4,1.6,solo,,,,14,3,3,0,0,0,0,0.0,"B,B,B",all_blocked,1.5,2026-09-11T15:47:36,36.0,1
tless10,7,1,tless,10,obj_10,16,305,0,,gt_pose,gt,0,sim_true,,,,,,0.0,1.6,solo,,,,40,3,0,3,0,0,0,0.0,"F,F,F",grasp_failed,0.6,2026-09-11T15:47:38,72.0,1
tless10,7,1,tless,10,obj_10,16,305,0,,gt,gt,0,fp_solo_render,3.188,,8.28,0.0918,0.3242,22.6,1.6,solo,,,,40,5,0,3,1,0,1,14.0,"F,F,S",,3.7,2026-09-11T15:47:39,72.0,1
tless10,7,1,tless,10,obj_10,16,305,0,,proxy,itodd/obj_000018,0,fp_solo_render,133.312,,11.07,0.1227,0.2305,15.4,1.6,solo,,,,14,0,0,0,0,0,0,0.0,,unreachable,1.0,2026-09-11T15:47:42,72.0,1
tless10,7,1,tless,10,obj_10,5,332,3,,gt_pose,gt,0,sim_true,,,,,,0.0,1.6,solo,,,,40,2,0,2,0,0,0,0.0,"F,F",grasp_failed,0.3,2026-09-11T15:47:43,108.0,1
tless10,7,1,tless,10,obj_10,5,332,3,,gt,gt,0,fp_solo_render,12.625,,11.31,0.1254,0.2747,29.4,1.6,solo,,,,40,3,1,2,0,0,0,0.0,"F,F,B",grasp_failed,3.7,2026-09-11T15:47:44,108.0,1
tless10,7,1,tless,10,obj_10,5,332,3,,proxy,itodd/obj_000018,0,fp_solo_render,123.156,,23.42,0.2597,0.0992,49.3,1.6,solo,,,,14,3,2,1,0,0,0,0.0,"F,B,B",grasp_failed,1.4,2026-09-11T15:47:47,108.0,1
tless10,7,1,tless,10,obj_10,11,368,3,,gt_pose,gt,0,sim_true,,,,,,0.0,1.6,solo,,,,40,9,0,2,1,0,1,14.7,"F,S",,0.6,2026-09-11T15:47:49,144.0,1
tless10,7,1,tless,10,obj_10,11,368,3,,gt,gt,0,fp_solo_render,21.75,,9.18,0.1018,0.3186,23.9,1.6,solo,,,,40,10,0,2,1,0,1,6.4,"F,S",,3.7,2026-09-11T15:47:50,144.0,1
tless10,7,1,tless,10,obj_10,11,368,3,,proxy,itodd/obj_000018,0,fp_solo_render,126.203,,12.27,0.136,0.2689,30.1,1.6,solo,,,,14,0,0,0,0,0,0,0.0,,unreachable,1.0,2026-09-11T15:47:53,144.0,1
tless10,7,1,tless,10,obj_10,16,332,0,,gt_pose,gt,0,sim_true,,,,,,0.0,1.6,solo,,,,40,2,0,2,0,0,0,0.0,"F,F",grasp_failed,0.3,2026-09-11T15:47:54,180.0,1
tless10,7,1,tless,10,obj_10,16,332,0,,gt,gt,0,fp_solo_render,16.312,,8.08,0.0895,0.3388,21.6,1.6,solo,,,,40,3,1,2,0,0,0,0.0,"F,F,B",grasp_failed,3.6,2026-09-11T15:47:55,180.0,1
tless10,7,1,tless,10,obj_10,16,332,0,,proxy,itodd/obj_000018,0,fp_solo_render,132.688,,9.53,0.1056,0.3349,9.5,1.6,solo,,,,14,10,0,5,0,0,0,0.0,"F,F,F,F,F",grasp_failed,1.6,2026-09-11T15:47:58,180.0,1
tless10,7,1,tless,10,obj_10,5,364,3,,gt_pose,gt,0,sim_true,,,,,,0.0,1.6,solo,,,,40,2,0,2,1,0,1,8.9,"F,S",,0.5,2026-09-11T15:48:00,216.0,1
tless10,7,1,tless,10,obj_10,5,364,3,,gt,gt,0,fp_solo_render,29.188,,13.18,0.1461,0.2864,32.4,1.6,solo,,,,40,2,0,2,0,0,0,0.0,"F,F",grasp_failed,3.4,2026-09-11T15:48:01,216.0,1
tless10,7,1,tless,10,obj_10,5,364,3,,proxy,itodd/obj_000018,0,fp_solo_render,132.562,,16.11,0.1786,0.2151,36.4,1.6,solo,,,,14,0,0,0,0,0,0,0.0,,unreachable,1.0,2026-09-11T15:48:04,216.0,1
tless10,7,1,tless,10,obj_10,11,374,3,,gt_pose,gt,0,sim_true,,,,,,0.0,1.6,solo,,,,40,3,0,3,0,0,0,0.0,"F,F,F",grasp_failed,0.4,2026-09-11T15:48:05,252.0,1
tless10,7,1,tless,10,obj_10,11,374,3,,gt,gt,0,fp_solo_render,7.438,,10.11,0.1121,0.3153,26.4,1.6,solo,,,,40,5,0,5,0,0,0,0.0,"F,F,F,F,F",grasp_failed,3.9,2026-09-11T15:48:06,252.0,1
tless10,7,1,tless,10,obj_10,11,374,3,,proxy,itodd/obj_000018,0,fp_solo_render,132.438,,10.14,0.1124,0.2862,15.9,1.6,solo,,,,14,0,0,0,0,0,0,0.0,,unreachable,1.0,2026-09-11T15:48:09,252.0,1
tless10,7,1,tless,10,obj_10,16,310,0,,gt_pose,gt,0,sim_true,,,,,,0.0,1.6,solo,,,,40,2,0,2,0,0,0,0.0,"F,F",grasp_failed,0.3,2026-09-11T15:48:11,288.0,1
tless10,7,1,tless,10,obj_10,16,310,0,,gt,gt,0,fp_solo_render,0.812,,8.74,0.0969,0.3215,24.0,1.6,solo,,,,40,4,0,4,0,0,0,0.0,"F,F,F,F",grasp_failed,3.5,2026-09-11T15:48:11,288.0,1
tless10,7,1,tless,10,obj_10,16,310,0,,proxy,itodd/obj_000018,0,fp_solo_render,133.562,,10.18,0.1129,0.3645,24.1,1.6,solo,,,,14,0,0,0,0,0,0,0.0,,unreachable,1.0,2026-09-11T15:48:14,288.0,1
tless10,7,1,tless,10,obj_10,5,386,3,,gt_pose,gt,0,sim_true,,,,,,0.0,1.6,solo,,,,40,1,0,1,0,0,0,0.0,F,grasp_failed,0.2,2026-09-11T15:48:15,324.0,1
tless10,7,1,tless,10,obj_10,5,386,3,,gt,gt,0,fp_solo_render,21.562,,18.08,0.2005,0.1907,39.9,1.6,solo,,,,40,3,0,2,1,0,1,14.6,"F,S",,3.7,2026-09-11T15:48:16,324.0,1
tless10,7,1,tless,10,obj_10,5,386,3,,proxy,itodd/obj_000018,0,fp_solo_render,132.375,,19.37,0.2147,0.161,42.9,1.6,solo,,,,14,0,0,0,0,0,0,0.0,,unreachable,1.0,2026-09-11T15:48:19,324.0,1
tless22,8,1,tless,22,obj_22,8,1,3,,gt_pose,gt,0,sim_true,,,,,,0.0,1.4,solo,,,,39,8,0,2,1,0,1,14.7,"F,S",,0.4,2026-09-11T15:48:21,0.0,1
tless22,8,1,tless,22,obj_22,8,1,3,,gt,gt,0,fp_solo_render,92.145,,4.37,0.0474,0.5819,12.3,1.4,solo,,,,39,8,0,2,1,0,1,10.3,"F,S",,3.6,2026-09-11T15:48:21,0.0,1
tless22,8,1,tless,22,obj_22,8,1,3,,proxy,gso/Android_Figure_Chrome,1,fp_solo_render,140.25,,13.88,0.1505,0.2539,30.4,1.4,solo,,,,40,9,0,1,1,1,1,12.6,S,,2.4,2026-09-11T15:48:25,0.0,1
tless22,8,1,tless,22,obj_22,14,217,3,,gt_pose,gt,0,sim_true,,,,,,0.0,1.4,solo,,,,39,10,0,2,1,0,1,15.1,"F,S",,0.4,2026-09-11T15:48:27,36.0,1
tless22,8,1,tless,22,obj_22,14,217,3,,gt,gt,0,fp_solo_render,5.0,,3.74,0.0406,0.6724,10.5,1.4,solo,,,,39,10,0,5,0,0,0,0.0,"F,F,F,F,F",grasp_failed,3.6,2026-09-11T15:48:28,36.0,1
tless22,8,1,tless,22,obj_22,14,217,3,,proxy,gso/Android_Figure_Chrome,1,fp_solo_render,141.219,,7.13,0.0772,0.3861,17.9,1.4,solo,,,,40,19,0,3,1,0,1,13.4,"F,F,S",,2.6,2026-09-11T15:48:32,36.0,1
tless22,8,1,tless,22,obj_22,8,18,3,,gt_pose,gt,0,sim_true,,,,,,0.0,1.4,solo,,,,39,8,0,2,1,0,1,9.7,"F,S",,0.4,2026-09-11T15:48:34,72.0,1
tless22,8,1,tless,22,obj_22,8,18,3,,gt,gt,0,fp_solo_render,147.875,,4.01,0.0435,0.6132,10.7,1.4,solo,,,,39,8,0,4,1,0,1,14.3,"F,F,F,S",,3.7,2026-09-11T15:48:35,72.0,1
tless22,8,1,tless,22,obj_22,8,18,3,,proxy,gso/Android_Figure_Chrome,1,fp_solo_render,141.656,,14.4,0.1561,0.2486,31.0,1.4,solo,,,,40,4,0,2,1,0,1,5.4,"F,S",,2.6,2026-09-11T15:48:38,72.0,1
tless22,8,1,tless,22,obj_22,14,360,3,,gt_pose,gt,0,sim_true,,,,,,0.0,1.4,solo,,,,39,11,0,2,1,0,1,14.9,"F,S",,0.4,2026-09-11T15:48:41,108.0,1
tless22,8,1,tless,22,obj_22,14,360,3,,gt,gt,0,fp_solo_render,38.188,,9.17,0.0994,0.3345,22.2,1.4,solo,,,,39,12,0,5,0,0,0,0.0,"F,F,F,F,F",grasp_failed,3.6,2026-09-11T15:48:42,108.0,1
tless22,8,1,tless,22,obj_22,14,360,3,,proxy,gso/Android_Figure_Chrome,1,fp_solo_render,139.094,,14.12,0.153,0.2291,35.8,1.4,solo,,,,40,4,0,4,0,0,0,0.0,"F,F,F,F",grasp_failed,2.4,2026-09-11T15:48:45,108.0,1
tless22,8,1,tless,22,obj_22,8,34,3,,gt_pose,gt,0,sim_true,,,,,,0.0,1.4,solo,,,,39,9,0,2,1,0,1,14.9,"F,S",,0.4,2026-09-11T15:48:48,144.0,1
tless22,8,1,tless,22,obj_22,8,34,3,,gt,gt,0,fp_solo_render,37.188,,2.66,0.0289,0.8733,6.7,1.4,solo,,,,39,9,0,4,1,0,1,14.4,"F,F,F,S",,3.5,2026-09-11T15:48:48,144.0,1
tless22,8,1,tless,22,obj_22,8,34,3,,proxy,gso/Android_Figure_Chrome,1,fp_solo_render,141.344,,7.24,0.0785,0.4428,15.7,1.4,solo,,,,40,2,0,2,0,0,0,0.0,"F,F",grasp_failed,2.3,2026-09-11T15:48:52,144.0,1
tless22,8,1,tless,22,obj_22,14,406,3,,gt_pose,gt,0,sim_true,,,,,,0.0,1.4,solo,,,,39,11,0,2,1,0,1,14.4,"F,S",,0.4,2026-09-11T15:48:54,180.0,1
tless22,8,1,tless,22,obj_22,14,406,3,,gt,gt,0,fp_solo_render,27.312,,12.36,0.134,0.2775,29.6,1.4,solo,,,,39,12,0,5,0,0,0,0.0,"F,F,F,F,F",grasp_failed,3.5,2026-09-11T15:48:54,180.0,1
tless22,8,1,tless,22,obj_22,14,406,3,,proxy,gso/Android_Figure_Chrome,1,fp_solo_render,140.0,,23.73,0.2572,0.1265,50.4,1.4,solo,,,,40,2,0,2,0,0,0,0.0,"F,F",grasp_failed,2.3,2026-09-11T15:48:58,180.0,1
tless22,8,1,tless,22,obj_22,8,52,3,,gt_pose,gt,0,sim_true,,,,,,0.0,1.4,solo,,,,39,10,0,2,1,0,1,14.3,"F,S",,0.3,2026-09-11T15:49:00,216.0,1
tless22,8,1,tless,22,obj_22,8,52,3,,gt,gt,0,fp_solo_render,-15.438,,2.47,0.0267,0.8613,7.4,1.4,solo,,,,39,10,0,2,1,0,1,14.3,"F,S",,3.5,2026-09-11T15:49:01,216.0,1
tless22,8,1,tless,22,obj_22,8,52,3,,proxy,gso/Android_Figure_Chrome,1,fp_solo_render,141.812,,13.01,0.1411,0.2794,32.0,1.4,solo,,,,40,9,0,1,1,1,1,14.4,S,,2.4,2026-09-11T15:49:04,216.0,1
tless22,8,1,tless,22,obj_22,14,438,2,,gt_pose,gt,0,sim_true,,,,,,0.0,1.4,solo,,,,39,10,0,2,1,0,1,5.2,"F,S",,0.4,2026-09-11T15:49:07,252.0,1
tless22,8,1,tless,22,obj_22,14,438,2,,gt,gt,0,fp_solo_render,55.094,,11.6,0.1258,0.3183,28.3,1.4,solo,,,,39,16,0,5,0,0,0,0.0,"F,F,F,F,F",grasp_failed,3.4,2026-09-11T15:49:07,252.0,1
tless22,8,1,tless,22,obj_22,14,438,2,,proxy,gso/Android_Figure_Chrome,1,fp_solo_render,133.625,,22.0,0.2385,0.1014,43.9,1.4,solo,,,,40,19,0,5,0,0,0,0.0,"F,F,F,F,F",grasp_failed,2.5,2026-09-11T15:49:10,252.0,1
tless22,8,1,tless,22,obj_22,8,127,3,,gt_pose,gt,0,sim_true,,,,,,0.0,1.4,solo,,,,39,10,0,2,1,0,1,14.3,"F,S",,0.4,2026-09-11T15:49:13,288.0,1
tless22,8,1,tless,22,obj_22,8,127,3,,gt,gt,0,fp_solo_render,-15.25,,2.61,0.0282,0.8752,6.4,1.4,solo,,,,39,10,0,2,1,0,1,14.2,"F,S",,3.4,2026-09-11T15:49:13,288.0,1
tless22,8,1,tless,22,obj_22,8,127,3,,proxy,gso/Android_Figure_Chrome,1,fp_solo_render,144.094,,7.14,0.0774,0.3866,15.1,1.4,solo,,,,40,14,0,1,1,1,1,14.7,S,,2.4,2026-09-11T15:49:17,288.0,1
tless22,8,1,tless,22,obj_22,8,263,3,,gt_pose,gt,0,sim_true,,,,,,0.0,1.4,solo,,,,39,12,0,2,1,0,1,14.8,"F,S",,0.4,2026-09-11T15:49:19,324.0,1
tless22,8,1,tless,22,obj_22,8,263,3,,gt,gt,0,fp_solo_render,32.0,,9.16,0.0992,0.3525,23.0,1.4,solo,,,,39,11,0,5,0,0,0,0.0,"F,F,F,F,F",grasp_failed,3.6,2026-09-11T15:49:20,324.0,1
tless22,8,1,tless,22,obj_22,8,263,3,,proxy,gso/Android_Figure_Chrome,1,fp_solo_render,139.469,,18.17,0.1969,0.1286,45.9,1.4,solo,,,,40,0,0,0,0,0,0,0.0,,unreachable,2.2,2026-09-11T15:49:23,324.0,1
lmo9,9,1,lmo,9,duck,2,17,4,,gt_pose,gt,0,sim_true,,,,,,0.0,10.3,solo,,,,40,8,0,5,0,0,0,0.0,"F,F,F,F,F",grasp_failed,0.3,2026-09-11T15:49:26,0.0,1
lmo9,9,1,lmo,9,duck,2,17,4,,gt,gt,0,fp_solo_render,59.5,,4.11,0.0377,0.6785,9.0,10.3,solo,,,,40,8,0,5,0,0,0,0.0,"F,F,F,F,F",grasp_failed,1.4,2026-09-11T15:49:27,0.0,1
lmo9,9,1,lmo,9,duck,2,17,4,,proxy,gso/CHICKEN_RACER,1,fp_solo_render,143.781,,4.8,0.044,0.6334,7.1,10.3,solo,,,,40,7,0,5,0,0,0,0.0,"F,F,F,F,F",grasp_failed,3.0,2026-09-11T15:49:28,0.0,1
lmo9,9,1,lmo,9,duck,2,362,4,,gt_pose,gt,0,sim_true,,,,,,0.0,10.2,solo,,,,40,6,0,5,0,0,0,0.0,"F,F,F,F,F",grasp_failed,0.3,2026-09-11T15:49:31,36.0,1
lmo9,9,1,lmo,9,duck,2,362,4,,gt,gt,0,fp_solo_render,65.25,,2.98,0.0273,0.8471,6.7,10.2,solo,,,,40,7,0,5,0,0,0,0.0,"F,F,F,F,F",grasp_failed,1.4,2026-09-11T15:49:31,36.0,1
lmo9,9,1,lmo,9,duck,2,362,4,,proxy,gso/CHICKEN_RACER,1,fp_solo_render,141.719,,5.05,0.0463,0.641,9.3,10.2,solo,,,,40,5,0,5,0,0,0,0.0,"F,F,F,F,F",grasp_failed,2.6,2026-09-11T15:49:33,36.0,1
lmo9,9,1,lmo,9,duck,2,563,4,,gt_pose,gt,0,sim_true,,,,,,0.0,10.3,solo,,,,40,7,0,5,0,0,0,0.0,"F,F,F,F,F",grasp_failed,0.3,2026-09-11T15:49:36,72.0,1
lmo9,9,1,lmo,9,duck,2,563,4,,gt,gt,0,fp_solo_render,71.562,,3.42,0.0314,0.7684,8.1,10.3,solo,,,,40,8,0,5,0,0,0,0.0,"F,F,F,F,F",grasp_failed,1.6,2026-09-11T15:49:36,72.0,1
lmo9,9,1,lmo,9,duck,2,563,4,,proxy,gso/CHICKEN_RACER,1,fp_solo_render,142.844,,27.55,0.2528,0.1502,54.9,10.3,solo,,,,40,16,0,5,0,0,0,0.0,"F,F,F,F,F",grasp_failed,2.6,2026-09-11T15:49:37,72.0,1
lmo9,9,1,lmo,9,duck,2,679,4,,gt_pose,gt,0,sim_true,,,,,,0.0,10.2,solo,,,,40,14,0,4,1,0,1,13.4,"F,F,F,S",,0.4,2026-09-11T15:49:40,108.0,1
lmo9,9,1,lmo,9,duck,2,679,4,,gt,gt,0,fp_solo_render,57.875,,3.63,0.0333,0.7945,7.1,10.2,solo,,,,40,14,1,5,0,0,0,0.0,"F,F,F,B,F,F",grasp_failed,1.5,2026-09-11T15:49:41,108.0,1
lmo9,9,1,lmo,9,duck,2,679,4,,proxy,gso/CHICKEN_RACER,1,fp_solo_render,139.844,,8.87,0.0814,0.452,15.0,10.2,solo,,,,40,4,0,4,0,0,0,0.0,"F,F,F,F",grasp_failed,2.5,2026-09-11T15:49:42,108.0,1
lmo9,9,1,lmo,9,duck,2,808,4,,gt_pose,gt,0,sim_true,,,,,,0.0,10.2,solo,,,,40,19,1,5,0,0,0,0.0,"F,F,F,B,F,F",grasp_failed,0.4,2026-09-11T15:49:45,144.0,1
lmo9,9,1,lmo,9,duck,2,808,4,,gt,gt,0,fp_solo_render,73.0,,4.52,0.0415,0.625,9.9,10.2,solo,,,,40,19,1,5,0,0,0,0.0,"F,F,B,F,F,F",grasp_failed,1.6,2026-09-11T15:49:45,144.0,1
lmo9,9,1,lmo,9,duck,2,808,4,,proxy,gso/CHICKEN_RACER,1,fp_solo_render,143.375,,18.48,0.1695,0.2618,42.7,10.2,solo,,,,40,5,0,2,1,0,1,14.6,"F,S",,2.7,2026-09-11T15:49:47,144.0,1
lmo9,9,1,lmo,9,duck,2,886,4,,gt_pose,gt,0,sim_true,,,,,,0.0,10.3,solo,,,,40,19,1,5,0,0,0,0.0,"F,F,F,B,F,F",grasp_failed,0.4,2026-09-11T15:49:50,180.0,1
lmo9,9,1,lmo,9,duck,2,886,4,,gt,gt,0,fp_solo_render,54.25,,4.0,0.0367,0.7017,7.6,10.3,solo,,,,40,20,1,5,0,0,0,0.0,"F,F,F,B,F,F",grasp_failed,1.6,2026-09-11T15:49:50,180.0,1
lmo9,9,1,lmo,9,duck,2,886,4,,proxy,gso/CHICKEN_RACER,1,fp_solo_render,139.125,,5.4,0.0495,0.5677,7.4,10.3,solo,,,,40,12,0,5,0,0,0,0.0,"F,F,F,F,F",grasp_failed,2.5,2026-09-11T15:49:52,180.0,1
lmo9,9,1,lmo,9,duck,2,47,4,,gt_pose,gt,0,sim_true,,,,,,0.0,10.2,solo,,,,40,18,0,5,0,0,0,0.0,"F,F,F,F,F",grasp_failed,0.3,2026-09-11T15:49:54,216.0,1
lmo9,9,1,lmo,9,duck,2,47,4,,gt,gt,0,fp_solo_render,24.625,,5.16,0.0473,0.4699,9.2,10.2,solo,,,,40,17,0,5,0,0,0,0.0,"F,F,F,F,F",grasp_failed,1.5,2026-09-11T15:49:55,216.0,1
lmo9,9,1,lmo,9,duck,2,47,4,,proxy,gso/CHICKEN_RACER,1,fp_solo_render,140.031,,13.47,0.1236,0.2806,24.8,10.2,solo,,,,40,7,0,1,1,1,1,14.1,S,,2.5,2026-09-11T15:49:56,216.0,1
lmo9,9,1,lmo,9,duck,2,494,4,,gt_pose,gt,0,sim_true,,,,,,0.0,10.3,solo,,,,40,17,0,5,0,0,0,0.0,"F,F,F,F,F",grasp_failed,0.4,2026-09-11T15:49:59,252.0,1
lmo9,9,1,lmo,9,duck,2,494,4,,gt,gt,0,fp_solo_render,59.031,,5.55,0.0509,0.464,9.6,10.3,solo,,,,40,17,0,5,0,0,0,0.0,"F,F,F,F,F",grasp_failed,1.5,2026-09-11T15:49:59,252.0,1
lmo9,9,1,lmo,9,duck,2,494,4,,proxy,gso/CHICKEN_RACER,1,fp_solo_render,131.812,,11.68,0.1072,0.3548,22.7,10.3,solo,,,,40,12,0,5,0,0,0,0.0,"F,F,F,F,F",grasp_failed,2.5,2026-09-11T15:50:01,252.0,1
lmo9,9,1,lmo,9,duck,2,757,3,,gt_pose,gt,0,sim_true,,,,,,0.0,10.2,solo,,,,40,13,0,5,0,0,0,0.0,"F,F,F,F,F",grasp_failed,0.4,2026-09-11T15:50:03,288.0,1
lmo9,9,1,lmo,9,duck,2,757,3,,gt,gt,0,fp_solo_render,59.469,,5.17,0.0474,0.5158,8.9,10.2,solo,,,,40,12,0,5,0,0,0,0.0,"F,F,F,F,F",grasp_failed,1.5,2026-09-11T15:50:04,288.0,1
lmo9,9,1,lmo,9,duck,2,757,3,,proxy,gso/CHICKEN_RACER,1,fp_solo_render,143.469,,7.42,0.0681,0.4539,15.1,10.2,solo,,,,40,8,0,5,0,0,0,0.0,"F,F,F,F,F",grasp_failed,2.6,2026-09-11T15:50:05,288.0,1
lmo9,9,1,lmo,9,duck,2,877,4,,gt_pose,gt,0,sim_true,,,,,,0.0,10.2,solo,,,,40,9,0,5,0,0,0,0.0,"F,F,F,F,F",grasp_failed,0.3,2026-09-11T15:50:08,324.0,1
lmo9,9,1,lmo,9,duck,2,877,4,,gt,gt,0,fp_solo_render,49.969,,4.57,0.0419,0.5686,8.3,10.2,solo,,,,40,9,0,5,0,0,0,0.0,"F,F,F,F,F",grasp_failed,1.5,2026-09-11T15:50:08,324.0,1
lmo9,9,1,lmo,9,duck,2,877,4,,proxy,gso/CHICKEN_RACER,1,fp_solo_render,140.812,,6.44,0.0591,0.559,13.0,10.2,solo,,,,40,6,0,5,0,0,0,0.0,"F,F,F,F,F",grasp_failed,2.6,2026-09-11T15:50:10,324.0,1
ycbv14,10,1,ycbv,14,mug,48,1074,2,,gt_pose,gt,0,sim_true,,,,,,8.5,1.6,solo,,,,38,13,0,1,1,1,1,13.6,S,,0.8,2026-09-11T15:50:16,0.0,0
ycbv14,10,1,ycbv,14,mug,48,1074,2,,gt,gt,0,fp_solo_render,33.25,,3.67,0.0294,0.8815,7.7,1.6,solo,,,,38,13,0,1,1,1,1,13.0,S,,2.5,2026-09-11T15:50:17,0.0,0
ycbv14,10,1,ycbv,14,mug,48,1074,2,,proxy,housecat6d/cup-red_heart,1,fp_solo_render,95.527,,5.4,0.0432,0.6872,17.2,1.6,solo,,,,40,21,0,1,1,1,1,14.3,S,,5.0,2026-09-11T15:50:19,0.0,0
ycbv14,10,1,ycbv,14,mug,55,22,4,,gt_pose,gt,0,sim_true,,,,,,8.5,1.6,solo,,,,38,6,0,1,1,1,1,13.2,S,,0.4,2026-09-11T15:50:25,36.0,0
ycbv14,10,1,ycbv,14,mug,55,22,4,,gt,gt,0,fp_solo_render,47.531,,6.24,0.0499,0.5574,7.3,1.6,solo,,,,38,6,0,1,1,1,1,14.9,S,,2.4,2026-09-11T15:50:26,36.0,0
ycbv14,10,1,ycbv,14,mug,55,22,4,,proxy,housecat6d/cup-red_heart,1,fp_solo_render,97.584,,7.35,0.0588,0.4603,11.4,1.6,solo,,,,40,14,0,1,1,1,1,14.6,S,,4.3,2026-09-11T15:50:28,36.0,0
ycbv14,10,1,ycbv,14,mug,48,1126,2,,gt_pose,gt,0,sim_true,,,,,,8.5,1.6,solo,,,,38,12,0,1,1,1,1,13.3,S,,0.4,2026-09-11T15:50:33,72.0,0
ycbv14,10,1,ycbv,14,mug,48,1126,2,,gt,gt,0,fp_solo_render,35.188,,6.16,0.0492,0.5667,7.6,1.6,solo,,,,38,12,0,2,1,0,1,14.2,"F,S",,2.5,2026-09-11T15:50:33,72.0,0
ycbv14,10,1,ycbv,14,mug,48,1126,2,,proxy,housecat6d/cup-red_heart,1,fp_solo_render,98.903,,6.92,0.0554,0.4916,11.3,1.6,solo,,,,40,17,0,1,1,1,1,15.0,S,,4.1,2026-09-11T15:50:36,72.0,0
ycbv14,10,1,ycbv,14,mug,55,526,4,,gt_pose,gt,0,sim_true,,,,,,8.5,1.6,solo,,,,38,6,1,1,1,1,1,13.2,"B,S",,0.6,2026-09-11T15:50:40,108.0,0
ycbv14,10,1,ycbv,14,mug,55,526,4,,gt,gt,0,fp_solo_render,52.75,,6.06,0.0485,0.5686,7.6,1.6,solo,,,,38,5,0,1,1,1,1,13.1,S,,2.3,2026-09-11T15:50:40,108.0,0
ycbv14,10,1,ycbv,14,mug,55,526,4,,proxy,housecat6d/cup-red_heart,1,fp_solo_render,106.461,,7.91,0.0633,0.4399,11.2,1.6,solo,,,,40,19,0,1,1,1,1,14.7,S,,4.1,2026-09-11T15:50:43,108.0,0
ycbv14,10,1,ycbv,14,mug,48,1133,2,,gt_pose,gt,0,sim_true,,,,,,8.5,1.6,solo,,,,38,11,0,1,1,1,1,13.8,S,,0.4,2026-09-11T15:50:47,144.0,0
ycbv14,10,1,ycbv,14,mug,48,1133,2,,gt,gt,0,fp_solo_render,23.688,,6.55,0.0524,0.5463,7.6,1.6,solo,,,,38,11,0,1,1,1,1,14.0,S,,2.5,2026-09-11T15:50:47,144.0,0
ycbv14,10,1,ycbv,14,mug,48,1133,2,,proxy,housecat6d/cup-red_heart,1,fp_solo_render,108.422,,9.61,0.0769,0.3701,13.6,1.6,solo,,,,40,20,0,1,1,1,1,15.1,S,,4.1,2026-09-11T15:50:50,144.0,0
ycbv14,10,1,ycbv,14,mug,55,622,4,,gt_pose,gt,0,sim_true,,,,,,8.5,1.6,solo,,,,38,7,0,1,1,1,1,13.9,S,,0.4,2026-09-11T15:50:54,180.0,0
ycbv14,10,1,ycbv,14,mug,55,622,4,,gt,gt,0,fp_solo_render,59.094,,4.46,0.0356,0.8375,9.5,1.6,solo,,,,38,6,0,1,1,1,1,13.3,S,,2.4,2026-09-11T15:50:54,180.0,0
ycbv14,10,1,ycbv,14,mug,55,622,4,,proxy,housecat6d/cup-red_heart,1,fp_solo_render,107.633,,6.99,0.0559,0.5458,14.0,1.6,solo,,,,40,18,0,1,1,1,1,13.9,S,,4.1,2026-09-11T15:50:57,180.0,0
ycbv14,10,1,ycbv,14,mug,48,1644,2,,gt_pose,gt,0,sim_true,,,,,,8.5,1.6,solo,,,,38,11,0,1,1,1,1,10.8,S,,0.5,2026-09-11T15:51:01,216.0,0
ycbv14,10,1,ycbv,14,mug,48,1644,2,,gt,gt,0,fp_solo_render,39.938,,5.97,0.0478,0.5881,7.9,1.6,solo,,,,38,12,0,1,1,1,1,13.5,S,,2.5,2026-09-11T15:51:02,216.0,0
ycbv14,10,1,ycbv,14,mug,48,1644,2,,proxy,housecat6d/cup-red_heart,1,fp_solo_render,103.941,,8.54,0.0684,0.419,13.4,1.6,solo,,,,40,19,0,1,1,1,1,15.0,S,,4.1,2026-09-11T15:51:04,216.0,0
ycbv14,10,1,ycbv,14,mug,55,42,4,,gt_pose,gt,0,sim_true,,,,,,8.5,1.6,solo,,,,38,11,0,1,1,1,1,11.7,S,,0.4,2026-09-11T15:51:08,252.0,0
ycbv14,10,1,ycbv,14,mug,55,42,4,,gt,gt,0,fp_solo_render,42.281,,1.85,0.0148,1.0,7.7,1.6,solo,,,,38,11,0,1,1,1,1,13.6,S,,2.4,2026-09-11T15:51:09,252.0,0
ycbv14,10,1,ycbv,14,mug,55,42,4,,proxy,housecat6d/cup-red_heart,1,fp_solo_render,109.188,,5.51,0.0441,0.669,15.3,1.6,solo,,,,40,19,0,1,1,1,1,14.2,S,,4.1,2026-09-11T15:51:11,252.0,0
ycbv14,10,1,ycbv,14,mug,55,603,4,,gt_pose,gt,0,sim_true,,,,,,8.5,1.6,solo,,,,38,11,0,2,1,0,1,13.9,"F,S",,0.5,2026-09-11T15:51:15,288.0,0
ycbv14,10,1,ycbv,14,mug,55,603,4,,gt,gt,0,fp_solo_render,54.938,,3.78,0.0303,0.8634,8.1,1.6,solo,,,,38,11,0,1,1,1,1,11.5,S,,2.3,2026-09-11T15:51:16,288.0,0
ycbv14,10,1,ycbv,14,mug,55,603,4,,proxy,housecat6d/cup-red_heart,1,fp_solo_render,107.141,,5.38,0.043,0.6818,17.1,1.6,solo,,,,40,20,0,1,1,1,1,14.4,S,,4.0,2026-09-11T15:51:18,288.0,0
ycbv14,10,1,ycbv,14,mug,55,1044,4,,gt_pose,gt,0,sim_true,,,,,,8.5,1.6,solo,,,,38,11,0,2,1,0,1,12.0,"F,S",,0.4,2026-09-11T15:51:22,324.0,0
ycbv14,10,1,ycbv,14,mug,55,1044,4,,gt,gt,0,fp_solo_render,48.375,,5.84,0.0467,0.6037,9.8,1.6,solo,,,,38,6,0,1,1,1,1,13.2,S,,2.4,2026-09-11T15:51:23,324.0,0
ycbv14,10,1,ycbv,14,mug,55,1044,4,,proxy,housecat6d/cup-red_heart,1,fp_solo_render,108.594,,6.26,0.0501,0.5985,14.5,1.6,solo,,,,40,21,0,1,1,1,1,14.4,S,,4.1,2026-09-11T15:51:25,324.0,0
tless5,11,2,tless,5,obj_5,2,446,0,,gt_pose,gt,0,sim_true,,,,,,0.0,1.5,solo,,,,40,4,0,2,1,0,1,14.5,"F,S",,0.4,2026-09-11T15:51:29,0.0,1
tless5,11,2,tless,5,obj_5,2,446,0,,gt,gt,0,fp_solo_render,58.75,,18.0,0.1656,0.2332,40.6,1.5,solo,,,,40,10,7,3,0,0,0,0.0,"F,F,F,B,B,B,B,B,B,B",grasp_failed,4.5,2026-09-11T15:51:30,0.0,1
tless5,11,2,tless,5,obj_5,2,446,0,,proxy,itodd/obj_000018,0,fp_solo_render,121.188,,23.01,0.2117,0.1579,49.1,1.5,solo,,,,14,6,6,0,0,0,0,0.0,"B,B,B,B,B,B",all_blocked,1.8,2026-09-11T15:51:34,0.0,1
tless5,11,2,tless,5,obj_5,3,5,0,,gt_pose,gt,0,sim_true,,,,,,0.0,1.5,solo,,,,40,2,0,2,1,0,1,14.8,"F,S",,0.4,2026-09-11T15:51:36,36.0,1
tless5,11,2,tless,5,obj_5,3,5,0,,gt,gt,0,fp_solo_render,24.625,,4.82,0.0443,0.6273,12.2,1.5,solo,,,,40,2,0,1,1,1,1,14.9,S,,3.3,2026-09-11T15:51:37,36.0,1
tless5,11,2,tless,5,obj_5,3,5,0,,proxy,itodd/obj_000018,0,fp_solo_render,119.75,,6.07,0.0559,0.5289,12.6,1.5,solo,,,,14,2,0,2,0,0,0,0.0,"F,F",grasp_failed,1.2,2026-09-11T15:51:40,36.0,1
tless5,11,2,tless,5,obj_5,4,389,0,,gt_pose,gt,0,sim_true,,,,,,0.0,1.5,solo,,,,40,3,0,2,1,0,1,14.5,"F,S",,0.4,2026-09-11T15:51:41,72.0,1
tless5,11,2,tless,5,obj_5,4,389,0,,gt,gt,0,fp_solo_render,33.562,,16.84,0.155,0.2327,38.9,1.5,solo,,,,40,5,2,3,0,0,0,0.0,"F,F,F,B,B",grasp_failed,3.8,2026-09-11T15:51:42,72.0,1
tless5,11,2,tless,5,obj_5,4,389,0,,proxy,itodd/obj_000018,0,fp_solo_render,116.562,,14.6,0.1343,0.2161,35.8,1.5,solo,,,,14,7,0,5,0,0,0,0.0,"F,F,F,F,F",grasp_failed,1.4,2026-09-11T15:51:45,72.0,1
tless5,11,2,tless,5,obj_5,11,421,0,,gt_pose,gt,0,sim_true,,,,,,0.0,1.5,solo,,,,40,2,0,2,1,0,1,14.8,"F,S",,0.4,2026-09-11T15:51:47,108.0,1
tless5,11,2,tless,5,obj_5,11,421,0,,gt,gt,0,fp_solo_render,26.688,,10.59,0.0975,0.34,26.7,1.5,solo,,,,40,2,0,2,0,0,0,0.0,"F,F",grasp_failed,3.4,2026-09-11T15:51:47,108.0,1
tless5,11,2,tless,5,obj_5,11,421,0,,proxy,itodd/obj_000018,0,fp_solo_render,122.562,,10.35,0.0952,0.3682,26.9,1.5,solo,,,,14,4,0,4,0,0,0,0.0,"F,F,F,F",grasp_failed,1.4,2026-09-11T15:51:51,108.0,1
tless5,11,2,tless,5,obj_5,2,463,0,,gt_pose,gt,0,sim_true,,,,,,0.0,1.5,solo,,,,40,2,0,2,1,0,1,14.6,"F,S",,0.4,2026-09-11T15:51:52,144.0,1
tless5,11,2,tless,5,obj_5,2,463,0,,gt,gt,0,fp_solo_render,49.281,,15.58,0.1433,0.2631,36.4,1.5,solo,,,,40,11,8,3,0,0,0,0.0,"F,F,F,B,B,B,B,B,B,B,B",grasp_failed,4.5,2026-09-11T15:51:53,144.0,1
tless5,11,2,tless,5,obj_5,2,463,0,,proxy,itodd/obj_000018,0,fp_solo_render,112.211,,17.36,0.1597,0.2533,38.4,1.5,solo,,,,14,0,0,0,0,0,0,0.0,,unreachable,1.0,2026-09-11T15:51:57,144.0,1
tless5,11,2,tless,5,obj_5,3,41,0,,gt_pose,gt,0,sim_true,,,,,,0.0,1.5,solo,,,,40,2,0,2,1,0,1,14.7,"F,S",,0.4,2026-09-11T15:51:58,180.0,1
tless5,11,2,tless,5,obj_5,3,41,0,,gt,gt,0,fp_solo_render,23.875,,2.67,0.0245,0.9802,5.7,1.5,solo,,,,40,2,0,2,1,0,1,14.8,"F,S",,3.5,2026-09-11T15:51:59,180.0,1
tless5,11,2,tless,5,obj_5,3,41,0,,proxy,itodd/obj_000018,0,fp_solo_render,105.254,,4.92,0.0452,0.6237,6.2,1.5,solo,,,,14,4,0,2,1,0,1,11.0,"F,S",,1.2,2026-09-11T15:52:02,180.0,1
tless5,11,2,tless,5,obj_5,3,109,0,,gt_pose,gt,0,sim_true,,,,,,0.0,1.5,solo,,,,40,4,0,2,1,0,1,14.6,"F,S",,0.4,2026-09-11T15:52:04,216.0,1
tless5,11,2,tless,5,obj_5,3,109,0,,gt,gt,0,fp_solo_render,19.438,,3.89,0.0358,0.7644,9.6,1.5,solo,,,,40,7,0,2,1,0,1,14.6,"F,S",,3.5,2026-09-11T15:52:04,216.0,1
tless5,11,2,tless,5,obj_5,3,109,0,,proxy,itodd/obj_000018,0,fp_solo_render,119.984,,5.23,0.0482,0.5928,8.6,1.5,solo,,,,14,0,0,0,0,0,0,0.0,,unreachable,1.0,2026-09-11T15:52:07,216.0,1
tless5,11,2,tless,5,obj_5,4,427,0,,gt_pose,gt,0,sim_true,,,,,,0.0,1.5,solo,,,,40,5,0,2,1,0,1,14.4,"F,S",,0.3,2026-09-11T15:52:08,252.0,1
tless5,11,2,tless,5,obj_5,4,427,0,,gt,gt,0,fp_solo_render,18.75,,11.66,0.1073,0.3277,28.6,1.5,solo,,,,40,5,2,3,0,0,0,0.0,"F,F,F,B,B",grasp_failed,3.7,2026-09-11T15:52:09,252.0,1
tless5,11,2,tless,5,obj_5,4,427,0,,proxy,itodd/obj_000018,0,fp_solo_render,114.492,,13.05,0.12,0.2669,30.4,1.5,solo,,,,14,2,2,0,0,0,0,0.0,"B,B",all_blocked,1.4,2026-09-11T15:52:13,252.0,1
tless5,11,2,tless,5,obj_5,3,117,0,,gt_pose,gt,0,sim_true,,,,,,0.0,1.5,solo,,,,40,7,0,2,1,0,1,14.5,"F,S",,0.4,2026-09-11T15:52:14,288.0,1
tless5,11,2,tless,5,obj_5,3,117,0,,gt,gt,0,fp_solo_render,12.875,,3.33,0.0307,0.8078,8.0,1.5,solo,,,,40,9,0,2,1,0,1,14.6,"F,S",,3.4,2026-09-11T15:52:14,288.0,1
tless5,11,2,tless,5,obj_5,3,117,0,,proxy,itodd/obj_000018,0,fp_solo_render,113.211,,5.48,0.0504,0.5674,8.4,1.5,solo,,,,14,2,2,0,0,0,0,0.0,"B,B",all_blocked,1.3,2026-09-11T15:52:18,288.0,1
tless5,11,2,tless,5,obj_5,4,488,0,,gt_pose,gt,0,sim_true,,,,,,0.0,1.5,solo,,,,40,12,0,2,1,0,1,14.5,"F,S",,0.3,2026-09-11T15:52:19,324.0,1
tless5,11,2,tless,5,obj_5,4,488,0,,gt,gt,0,fp_solo_render,40.406,,14.39,0.1324,0.3299,34.3,1.5,solo,,,,40,16,12,4,0,0,0,0.0,"F,F,B,F,B,B,B,B,B,B,F,B,B,B,B,B",grasp_failed,5.2,2026-09-11T15:52:20,324.0,1
tless5,11,2,tless,5,obj_5,4,488,0,,proxy,itodd/obj_000018,0,fp_solo_render,123.25,,15.61,0.1436,0.2847,34.7,1.5,solo,,,,14,2,2,0,0,0,0,0.0,"B,B",all_blocked,1.3,2026-09-11T15:52:25,324.0,1
tless25,12,2,tless,25,obj_25,1,135,1,,gt_pose,gt,0,sim_true,,,,,,0.1,1.5,solo,,,,40,13,0,1,1,1,1,14.8,S,,0.2,2026-09-11T15:52:26,0.0,1
tless25,12,2,tless,25,obj_25,1,135,1,,gt,gt,0,fp_solo_render,20.125,,2.31,0.0213,1.0,5.2,1.5,solo,,,,40,12,0,1,1,1,1,14.8,S,,2.2,2026-09-11T15:52:26,0.0,1
tless25,12,2,tless,25,obj_25,1,135,1,,proxy,itodd/obj_000018,0,fp_solo_render,124.141,,5.21,0.0479,0.6324,7.4,1.5,solo,,,,14,4,0,4,0,0,0,0.0,"F,F,F,F",grasp_failed,1.2,2026-09-11T15:52:29,0.0,1
tless25,12,2,tless,25,obj_25,15,400,0,,gt_pose,gt,0,sim_true,,,,,,0.1,1.5,solo,,,,40,12,0,1,1,1,1,14.9,S,,0.2,2026-09-11T15:52:30,36.0,1
tless25,12,2,tless,25,obj_25,15,400,0,,gt,gt,0,fp_solo_render,32.562,,11.74,0.1079,0.3075,26.9,1.5,solo,,,,40,17,0,5,0,0,0,0.0,"F,F,F,F,F",grasp_failed,2.4,2026-09-11T15:52:30,36.0,1
tless25,12,2,tless,25,obj_25,15,400,0,,proxy,itodd/obj_000018,0,fp_solo_render,123.141,,11.07,0.1018,0.3545,24.9,1.5,solo,,,,14,0,0,0,0,0,0,0.0,,unreachable,1.0,2026-09-11T15:52:33,36.0,1
tless25,12,2,tless,25,obj_25,1,142,1,,gt_pose,gt,0,sim_true,,,,,,0.1,1.5,solo,,,,40,13,0,1,1,1,1,14.7,S,,0.2,2026-09-11T15:52:34,72.0,1
tless25,12,2,tless,25,obj_25,1,142,1,,gt,gt,0,fp_solo_render,2.75,,2.54,0.0233,0.8518,7.4,1.5,solo,,,,40,13,0,1,1,1,1,14.7,S,,2.2,2026-09-11T15:52:34,72.0,1
tless25,12,2,tless,25,obj_25,1,142,1,,proxy,itodd/obj_000018,0,fp_solo_render,125.219,,4.16,0.0383,0.7484,8.8,1.5,solo,,,,14,0,0,0,0,0,0,0.0,,unreachable,1.0,2026-09-11T15:52:36,72.0,1
tless25,12,2,tless,25,obj_25,15,414,0,,gt_pose,gt,0,sim_true,,,,,,0.1,1.5,solo,,,,40,14,0,1,1,1,1,14.8,S,,0.2,2026-09-11T15:52:37,108.0,1
tless25,12,2,tless,25,obj_25,15,414,0,,gt,gt,0,fp_solo_render,9.188,,11.11,0.1022,0.3127,25.6,1.5,solo,,,,40,20,0,3,1,0,1,14.8,"F,F,S",,2.2,2026-09-11T15:52:37,108.0,1
tless25,12,2,tless,25,obj_25,15,414,0,,proxy,itodd/obj_000018,0,fp_solo_render,125.031,,10.54,0.0969,0.3646,23.3,1.5,solo,,,,14,0,0,0,0,0,0,0.0,,unreachable,1.0,2026-09-11T15:52:40,108.0,1
tless25,12,2,tless,25,obj_25,1,212,1,,gt_pose,gt,0,sim_true,,,,,,0.1,1.5,solo,,,,40,13,0,1,1,1,1,14.9,S,,0.2,2026-09-11T15:52:41,144.0,1
tless25,12,2,tless,25,obj_25,1,212,1,,gt,gt,0,fp_solo_render,1.062,,4.97,0.0457,0.5339,11.3,1.5,solo,,,,40,13,0,1,1,1,1,14.8,S,,2.2,2026-09-11T15:52:41,144.0,1
tless25,12,2,tless,25,obj_25,1,212,1,,proxy,itodd/obj_000018,0,fp_solo_render,126.359,,5.43,0.0499,0.638,8.7,1.5,solo,,,,14,4,0,4,0,0,0,0.0,"F,F,F,F",grasp_failed,1.2,2026-09-11T15:52:43,144.0,1
tless25,12,2,tless,25,obj_25,15,427,0,,gt_pose,gt,0,sim_true,,,,,,0.1,1.5,solo,,,,40,14,0,1,1,1,1,14.9,S,,0.3,2026-09-11T15:52:44,180.0,1
tless25,12,2,tless,25,obj_25,15,427,0,,gt,gt,0,fp_solo_render,2.125,,10.98,0.1009,0.3163,25.3,1.5,solo,,,,40,19,0,3,1,0,1,14.9,"F,F,S",,2.3,2026-09-11T15:52:45,180.0,1
tless25,12,2,tless,25,obj_25,15,427,0,,proxy,itodd/obj_000018,0,fp_solo_render,129.547,,10.58,0.0973,0.3619,23.7,1.5,solo,,,,14,0,0,0,0,0,0,0.0,,unreachable,1.0,2026-09-11T15:52:47,180.0,1
tless25,12,2,tless,25,obj_25,1,283,1,,gt_pose,gt,0,sim_true,,,,,,0.1,1.5,solo,,,,40,12,0,1,1,1,1,14.8,S,,0.2,2026-09-11T15:52:48,216.0,1
tless25,12,2,tless,25,obj_25,1,283,1,,gt,gt,0,fp_solo_render,2.0,,8.32,0.0765,0.2751,18.9,1.5,solo,,,,40,12,0,3,1,0,1,14.8,"F,F,S",,2.3,2026-09-11T15:52:48,216.0,1
tless25,12,2,tless,25,obj_25,1,283,1,,proxy,itodd/obj_000018,0,fp_solo_render,127.625,,7.17,0.0659,0.406,13.7,1.5,solo,,,,14,0,0,0,0,0,0,0.0,,unreachable,1.0,2026-09-11T15:52:51,216.0,1
tless25,12,2,tless,25,obj_25,15,437,0,,gt_pose,gt,0,sim_true,,,,,,0.1,1.5,solo,,,,40,12,0,1,1,1,1,14.8,S,,0.2,2026-09-11T15:52:52,252.0,1
tless25,12,2,tless,25,obj_25,15,437,0,,gt,gt,0,fp_solo_render,33.188,,14.14,0.13,0.2687,31.9,1.5,solo,,,,40,17,0,5,0,0,0,0.0,"F,F,F,F,F",grasp_failed,2.2,2026-09-11T15:52:52,252.0,1
tless25,12,2,tless,25,obj_25,15,437,0,,proxy,itodd/obj_000018,0,fp_solo_render,124.734,,13.62,0.1252,0.2997,31.2,1.5,solo,,,,14,5,0,2,1,0,1,15.0,"F,S",,1.1,2026-09-11T15:52:54,252.0,1
tless25,12,2,tless,25,obj_25,1,356,1,,gt_pose,gt,0,sim_true,,,,,,0.1,1.5,solo,,,,40,11,0,4,1,0,1,14.7,"F,F,F,S",,0.3,2026-09-11T15:52:55,288.0,1
tless25,12,2,tless,25,obj_25,1,356,1,,gt,gt,0,fp_solo_render,24.188,,12.46,0.1145,0.2014,26.5,1.5,solo,,,,40,11,0,4,1,0,1,8.6,"F,F,F,S",,2.3,2026-09-11T15:52:56,288.0,1
tless25,12,2,tless,25,obj_25,1,356,1,,proxy,itodd/obj_000018,0,fp_solo_render,121.812,,10.34,0.095,0.3515,21.1,1.5,solo,,,,14,0,0,0,0,0,0,0.0,,unreachable,1.0,2026-09-11T15:52:58,288.0,1
tless25,12,2,tless,25,obj_25,15,480,0,,gt_pose,gt,0,sim_true,,,,,,0.1,1.5,solo,,,,40,15,0,1,1,1,1,14.8,S,,0.2,2026-09-11T15:52:59,324.0,1
tless25,12,2,tless,25,obj_25,15,480,0,,gt,gt,0,fp_solo_render,40.625,,13.65,0.1255,0.2454,30.2,1.5,solo,,,,40,16,0,5,0,0,0,0.0,"F,F,F,F,F",grasp_failed,2.3,2026-09-11T15:52:59,324.0,1
tless25,12,2,tless,25,obj_25,15,480,0,,proxy,itodd/obj_000018,0,fp_solo_render,95.871,,11.61,0.1067,0.3658,25.3,1.5,solo,,,,14,2,2,0,0,0,0,0.0,"B,B",all_blocked,1.1,2026-09-11T15:53:02,324.0,1
tless18,13,2,tless,18,obj_18,3,101,4,,gt_pose,gt,0,sim_true,,,,,,0.0,3.0,solo,,,,17,5,0,1,1,1,1,14.7,S,,0.2,2026-09-11T15:53:03,0.0,1
tless18,13,2,tless,18,obj_18,3,101,4,,gt,gt,0,fp_solo_render,16.375,,4.69,0.0422,0.6543,11.7,3.0,solo,,,,17,5,0,2,1,0,1,15.1,"F,S",,3.5,2026-09-11T15:53:04,0.0,1
tless18,13,2,tless,18,obj_18,3,101,4,,proxy,itodd/obj_000013,0,fp_solo_render,135.312,,5.51,0.0497,0.6023,8.2,3.0,solo,,,,40,22,0,1,1,1,1,14.8,S,,1.6,2026-09-11T15:53:07,0.0,1
tless18,13,2,tless,18,obj_18,7,366,7,,gt_pose,gt,0,sim_true,,,,,,0.0,3.0,solo,,,,17,0,0,0,0,0,0,0.0,,unreachable,0.1,2026-09-11T15:53:09,36.0,1
tless18,13,2,tless,18,obj_18,7,366,7,,gt,gt,0,fp_solo_render,44.156,,9.18,0.0827,0.4846,29.9,3.0,solo,,,,17,0,0,0,0,0,0,0.0,,unreachable,3.2,2026-09-11T15:53:09,36.0,1
tless18,13,2,tless,18,obj_18,7,366,7,,proxy,itodd/obj_000013,0,fp_solo_render,139.594,,9.72,0.0876,0.4071,28.3,3.0,solo,,,,40,18,0,1,1,1,1,14.9,S,,1.5,2026-09-11T15:53:12,36.0,1
tless18,13,2,tless,18,obj_18,19,1,6,,gt_pose,gt,0,sim_true,,,,,,0.0,3.0,solo,,,,17,1,0,1,1,1,1,14.9,S,,0.2,2026-09-11T15:53:14,72.0,1
tless18,13,2,tless,18,obj_18,19,1,6,,gt,gt,0,fp_solo_render,25.0,,4.88,0.044,0.6143,13.4,3.0,solo,,,,17,1,0,1,1,1,1,15.1,S,,3.3,2026-09-11T15:53:14,72.0,1
tless18,13,2,tless,18,obj_18,19,1,6,,proxy,itodd/obj_000013,0,fp_solo_render,130.438,,6.15,0.0554,0.5092,9.2,3.0,solo,,,,40,25,0,5,1,0,1,14.7,"F,F,F,F,S",,1.8,2026-09-11T15:53:17,72.0,1
tless18,13,2,tless,18,obj_18,3,179,4,,gt_pose,gt,0,sim_true,,,,,,0.0,3.0,solo,,,,17,2,0,1,1,1,1,14.9,S,,0.2,2026-09-11T15:53:19,108.0,1
tless18,13,2,tless,18,obj_18,3,179,4,,gt,gt,0,fp_solo_render,23.0,,6.23,0.0561,0.4868,17.9,3.0,solo,,,,17,2,0,2,0,0,0,0.0,"F,F",grasp_failed,3.4,2026-09-11T15:53:20,108.0,1
tless18,13,2,tless,18,obj_18,3,179,4,,proxy,itodd/obj_000013,0,fp_solo_render,131.922,,22.47,0.2025,0.2231,40.4,3.0,solo,,,,40,5,0,1,1,1,1,13.5,S,,1.8,2026-09-11T15:53:23,108.0,1
tless18,13,2,tless,18,obj_18,19,180,6,,gt_pose,gt,0,sim_true,,,,,,0.0,3.0,solo,,,,17,2,0,1,1,1,1,14.9,S,,0.2,2026-09-11T15:53:25,144.0,1
tless18,13,2,tless,18,obj_18,19,180,6,,gt,gt,0,fp_solo_render,29.625,,6.27,0.0565,0.4852,18.0,3.0,solo,,,,17,2,0,2,0,0,0,0.0,"F,F",grasp_failed,3.4,2026-09-11T15:53:25,144.0,1
tless18,13,2,tless,18,obj_18,19,180,6,,proxy,itodd/obj_000013,0,fp_solo_render,139.469,,24.4,0.2198,0.1804,47.0,3.0,solo,,,,40,7,1,5,0,0,0,0.0,"F,B,F,F,F,F",grasp_failed,1.9,2026-09-11T15:53:28,144.0,1
tless18,13,2,tless,18,obj_18,3,261,4,,gt_pose,gt,0,sim_true,,,,,,0.0,3.0,solo,,,,17,2,0,1,1,1,1,14.8,S,,0.3,2026-09-11T15:53:30,180.0,1
tless18,13,2,tless,18,obj_18,3,261,4,,gt,gt,0,fp_solo_render,35.812,,7.82,0.0705,0.4242,23.8,3.0,solo,,,,17,2,0,2,0,0,0,0.0,"F,F",grasp_failed,3.3,2026-09-11T15:53:31,180.0,1
tless18,13,2,tless,18,obj_18,3,261,4,,proxy,itodd/obj_000013,0,fp_solo_render,137.5,,24.78,0.2233,0.1367,49.2,3.0,solo,,,,40,8,0,3,1,0,1,13.5,"F,F,S",,2.0,2026-09-11T15:53:34,180.0,1
tless18,13,2,tless,18,obj_18,3,109,4,,gt_pose,gt,0,sim_true,,,,,,0.0,3.0,solo,,,,17,2,0,2,1,0,1,10.2,"F,S",,0.3,2026-09-11T15:53:36,216.0,1
tless18,13,2,tless,18,obj_18,3,109,4,,gt,gt,0,fp_solo_render,34.0,,4.03,0.0363,0.7197,9.9,3.0,solo,,,,17,2,0,2,0,0,0,0.0,"F,F",grasp_failed,3.4,2026-09-11T15:53:36,216.0,1
tless18,13,2,tless,18,obj_18,3,109,4,,proxy,itodd/obj_000013,0,fp_solo_render,136.562,,6.2,0.0559,0.5855,8.7,3.0,solo,,,,40,22,0,4,1,0,1,14.9,"F,F,F,S",,1.7,2026-09-11T15:53:40,216.0,1
tless18,13,2,tless,18,obj_18,19,123,6,,gt_pose,gt,0,sim_true,,,,,,0.0,3.0,solo,,,,17,1,0,1,1,1,1,15.0,S,,0.2,2026-09-11T15:53:42,252.0,1
tless18,13,2,tless,18,obj_18,19,123,6,,gt,gt,0,fp_solo_render,29.062,,2.48,0.0224,0.9801,6.0,3.0,solo,,,,17,1,0,1,0,0,0,0.0,F,grasp_failed,3.3,2026-09-11T15:53:42,252.0,1
tless18,13,2,tless,18,obj_18,19,123,6,,proxy,itodd/obj_000013,0,fp_solo_render,135.062,,5.0,0.0451,0.6463,5.2,3.0,solo,,,,40,3,0,3,0,0,0,0.0,"F,F,F",grasp_failed,1.6,2026-09-11T15:53:45,252.0,1
tless18,13,2,tless,18,obj_18,3,292,4,,gt_pose,gt,0,sim_true,,,,,,0.0,3.0,solo,,,,17,2,0,2,1,0,1,8.7,"F,S",,0.3,2026-09-11T15:53:47,288.0,1
tless18,13,2,tless,18,obj_18,3,292,4,,gt,gt,0,fp_solo_render,23.0,,7.95,0.0717,0.4451,24.6,3.0,solo,,,,17,2,0,2,1,0,1,14.7,"F,S",,3.4,2026-09-11T15:53:47,288.0,1
tless18,13,2,tless,18,obj_18,3,292,4,,proxy,itodd/obj_000013,0,fp_solo_render,126.703,,15.32,0.138,0.252,28.7,3.0,solo,,,,40,7,1,5,0,0,0,0.0,"B,F,F,F,F,F",grasp_failed,2.0,2026-09-11T15:53:51,288.0,1
tless18,13,2,tless,18,obj_18,19,234,6,,gt_pose,gt,0,sim_true,,,,,,0.0,3.0,solo,,,,17,3,0,1,1,1,1,14.3,S,,0.3,2026-09-11T15:53:53,324.0,1
tless18,13,2,tless,18,obj_18,19,234,6,,gt,gt,0,fp_solo_render,26.875,,7.43,0.0669,0.5301,23.3,3.0,solo,,,,17,3,0,2,1,0,1,14.2,"F,S",,3.5,2026-09-11T15:53:53,324.0,1
tless18,13,2,tless,18,obj_18,19,234,6,,proxy,itodd/obj_000013,0,fp_solo_render,133.469,,16.36,0.1475,0.1935,33.1,3.0,solo,,,,40,7,1,2,1,0,1,13.7,"F,B,S",,1.8,2026-09-11T15:53:56,324.0,1
ycbv5,14,2,ycbv,5,mustard,50,620,2,,gt_pose,gt,0,sim_true,,,,,,12.2,16.2,solo,,,,40,1,1,0,0,0,0,0.0,B,all_blocked,0.5,2026-09-11T15:53:59,0.0,1
ycbv5,14,2,ycbv,5,mustard,50,620,2,,gt,gt,0,fp_solo_render,52.281,,6.98,0.0355,0.8849,6.4,16.2,solo,,,,40,19,0,5,0,0,0,0.0,"F,F,F,F,F",grasp_failed,2.1,2026-09-11T15:54:00,0.0,1
ycbv5,14,2,ycbv,5,mustard,50,620,2,,proxy,gso/Nestle_Nesquik_Chocolate_Powder_Flavored_Milk_Additive_109_Oz_Canister,1,fp_solo_render,108.242,,9.43,0.048,0.5676,10.7,16.2,solo,,,,40,22,0,5,0,0,0,0.0,"F,F,F,F,F",grasp_failed,3.6,2026-09-11T15:54:02,0.0,1
ycbv5,14,2,ycbv,5,mustard,52,21,0,,gt_pose,gt,0,sim_true,,,,,,12.2,16.1,solo,,,,40,0,0,0,0,0,0,0.0,,unreachable,0.1,2026-09-11T15:54:06,36.0,1
ycbv5,14,2,ycbv,5,mustard,52,21,0,,gt,gt,0,fp_solo_render,43.438,,5.7,0.029,0.9928,6.9,16.1,solo,,,,40,30,0,5,0,0,0,0.0,"F,F,F,F,F",grasp_failed,2.1,2026-09-11T15:54:06,36.0,1
ycbv5,14,2,ycbv,5,mustard,52,21,0,,proxy,gso/Nestle_Nesquik_Chocolate_Powder_Flavored_Milk_Additive_109_Oz_Canister,1,fp_solo_render,114.609,,9.19,0.0468,0.6192,17.3,16.1,solo,,,,40,29,0,3,1,0,1,14.9,"F,F,S",,3.0,2026-09-11T15:54:08,36.0,1
ycbv5,14,2,ycbv,5,mustard,50,671,2,,gt_pose,gt,0,sim_true,,,,,,12.2,16.4,solo,,,,40,0,0,0,0,0,0,0.0,,unreachable,0.1,2026-09-11T15:54:11,72.0,1
ycbv5,14,2,ycbv,5,mustard,50,671,2,,gt,gt,0,fp_solo_render,47.312,,2.84,0.0144,1.0,6.5,16.4,solo,,,,40,31,0,5,0,0,0,0.0,"F,F,F,F,F",grasp_failed,2.1,2026-09-11T15:54:11,72.0,1
ycbv5,14,2,ycbv,5,mustard,50,671,2,,proxy,gso/Nestle_Nesquik_Chocolate_Powder_Flavored_Milk_Additive_109_Oz_Canister,1,fp_solo_render,128.688,,6.31,0.0321,0.8262,15.4,16.4,solo,,,,40,0,0,0,0,0,0,0.0,,unreachable,2.6,2026-09-11T15:54:13,72.0,1
ycbv5,14,2,ycbv,5,mustard,52,97,0,,gt_pose,gt,0,sim_true,,,,,,12.2,15.2,solo,,,,40,0,0,0,0,0,0,0.0,,unreachable,0.1,2026-09-11T15:54:16,108.0,1
ycbv5,14,2,ycbv,5,mustard,52,97,0,,gt,gt,0,fp_solo_render,57.188,,2.72,0.0139,1.0,7.3,15.2,solo,,,,40,13,0,5,0,0,0,0.0,"F,F,F,F,F",grasp_failed,2.2,2026-09-11T15:54:16,108.0,1
ycbv5,14,2,ycbv,5,mustard,52,97,0,,proxy,gso/Nestle_Nesquik_Chocolate_Powder_Flavored_Milk_Additive_109_Oz_Canister,1,fp_solo_render,126.391,,6.34,0.0323,0.8144,16.9,15.2,solo,,,,40,19,1,5,0,0,0,0.0,"F,F,F,F,B,F",grasp_failed,3.2,2026-09-11T15:54:18,108.0,1
ycbv5,14,2,ycbv,5,mustard,50,923,2,,gt_pose,gt,0,sim_true,,,,,,12.2,16.0,solo,,,,40,1,1,0,0,0,0,0.0,B,all_blocked,0.2,2026-09-11T15:54:22,144.0,1
ycbv5,14,2,ycbv,5,mustard,50,923,2,,gt,gt,0,fp_solo_render,61.188,,4.24,0.0216,0.936,6.3,16.0,solo,,,,40,1,1,0,0,0,0,0.0,B,all_blocked,1.9,2026-09-11T15:54:22,144.0,1
ycbv5,14,2,ycbv,5,mustard,50,923,2,,proxy,gso/Nestle_Nesquik_Chocolate_Powder_Flavored_Milk_Additive_109_Oz_Canister,1,fp_solo_render,125.406,,7.6,0.0387,0.6727,16.2,16.0,solo,,,,40,0,0,0,0,0,0,0.0,,unreachable,2.6,2026-09-11T15:54:24,144.0,1
ycbv5,14,2,ycbv,5,mustard,52,259,0,,gt_pose,gt,0,sim_true,,,,,,12.2,16.2,solo,,,,40,0,0,0,0,0,0,0.0,,unreachable,0.1,2026-09-11T15:54:26,180.0,1
ycbv5,14,2,ycbv,5,mustard,52,259,0,,gt,gt,0,fp_solo_render,42.312,,4.63,0.0236,0.8699,6.5,16.2,solo,,,,40,0,0,0,0,0,0,0.0,,unreachable,1.8,2026-09-11T15:54:27,180.0,1
ycbv5,14,2,ycbv,5,mustard,52,259,0,,proxy,gso/Nestle_Nesquik_Chocolate_Powder_Flavored_Milk_Additive_109_Oz_Canister,1,fp_solo_render,130.906,,7.68,0.0391,0.7002,10.5,16.2,solo,,,,40,0,0,0,0,0,0,0.0,,unreachable,2.6,2026-09-11T15:54:28,180.0,1
ycbv5,14,2,ycbv,5,mustard,50,623,2,,gt_pose,gt,0,sim_true,,,,,,12.2,16.1,solo,,,,40,0,0,0,0,0,0,0.0,,unreachable,0.1,2026-09-11T15:54:31,216.0,1
ycbv5,14,2,ycbv,5,mustard,50,623,2,,gt,gt,0,fp_solo_render,31.062,,4.65,0.0236,0.8507,6.3,16.1,solo,,,,40,0,0,0,0,0,0,0.0,,unreachable,1.8,2026-09-11T15:54:31,216.0,1
ycbv5,14,2,ycbv,5,mustard,50,623,2,,proxy,gso/Nestle_Nesquik_Chocolate_Powder_Flavored_Milk_Additive_109_Oz_Canister,1,fp_solo_render,133.719,,8.28,0.0421,0.6637,11.6,16.1,solo,,,,40,0,0,0,0,0,0,0.0,,unreachable,2.6,2026-09-11T15:54:33,216.0,1
ycbv5,14,2,ycbv,5,mustard,52,34,0,,gt_pose,gt,0,sim_true,,,,,,12.2,16.4,solo,,,,40,0,0,0,0,0,0,0.0,,unreachable,0.1,2026-09-11T15:54:36,252.0,1
ycbv5,14,2,ycbv,5,mustard,52,34,0,,gt,gt,0,fp_solo_render,38.75,,5.47,0.0279,0.8308,7.0,16.4,solo,,,,40,0,0,0,0,0,0,0.0,,unreachable,1.8,2026-09-11T15:54:36,252.0,1
ycbv5,14,2,ycbv,5,mustard,52,34,0,,proxy,gso/Nestle_Nesquik_Chocolate_Powder_Flavored_Milk_Additive_109_Oz_Canister,1,fp_solo_render,133.875,,7.48,0.0381,0.7236,5.6,16.4,solo,,,,40,0,0,0,0,0,0,0.0,,unreachable,2.6,2026-09-11T15:54:38,252.0,1
ycbv5,14,2,ycbv,5,mustard,50,737,2,,gt_pose,gt,0,sim_true,,,,,,12.2,15.2,solo,,,,40,0,0,0,0,0,0,0.0,,unreachable,0.1,2026-09-11T15:54:40,288.0,1
ycbv5,14,2,ycbv,5,mustard,50,737,2,,gt,gt,0,fp_solo_render,54.344,,6.93,0.0353,0.8313,6.0,15.2,solo,,,,40,0,0,0,0,0,0,0.0,,unreachable,1.8,2026-09-11T15:54:41,288.0,1
ycbv5,14,2,ycbv,5,mustard,50,737,2,,proxy,gso/Nestle_Nesquik_Chocolate_Powder_Flavored_Milk_Additive_109_Oz_Canister,1,fp_solo_render,114.672,,8.76,0.0446,0.6355,7.9,15.2,solo,,,,40,0,0,0,0,0,0,0.0,,unreachable,2.6,2026-09-11T15:54:42,288.0,1
ycbv5,14,2,ycbv,5,mustard,52,171,0,,gt_pose,gt,0,sim_true,,,,,,12.2,16.0,solo,,,,40,0,0,0,0,0,0,0.0,,unreachable,0.1,2026-09-11T15:54:45,324.0,1
ycbv5,14,2,ycbv,5,mustard,52,171,0,,gt,gt,0,fp_solo_render,61.125,,7.87,0.0401,0.7184,7.0,16.0,solo,,,,40,0,0,0,0,0,0,0.0,,unreachable,1.8,2026-09-11T15:54:45,324.0,1
ycbv5,14,2,ycbv,5,mustard,52,171,0,,proxy,gso/Nestle_Nesquik_Chocolate_Powder_Flavored_Milk_Additive_109_Oz_Canister,1,fp_solo_render,117.719,,8.92,0.0454,0.5501,8.3,16.0,solo,,,,40,1,0,1,0,0,0,0.0,F,grasp_failed,2.7,2026-09-11T15:54:47,324.0,1
tless28,15,2,tless,28,obj_28,4,104,3,,gt_pose,gt,0,sim_true,,,,,,0.0,1.8,solo,,,,40,8,0,1,1,1,1,14.7,S,,0.3,2026-09-11T15:54:50,0.0,1
tless28,15,2,tless,28,obj_28,4,104,3,,gt,gt,0,fp_solo_render,41.125,,5.9,0.0472,0.4217,11.9,1.8,solo,,,,40,8,0,1,1,1,1,14.8,S,,3.3,2026-09-11T15:54:50,0.0,1
tless28,15,2,tless,28,obj_28,4,104,3,,proxy,itodd/obj_000018,0,fp_solo_render,116.5,,9.56,0.0766,0.3693,17.8,1.8,solo,,,,14,3,0,1,1,1,1,14.4,S,,1.2,2026-09-11T15:54:54,0.0,1
tless28,15,2,tless,28,obj_28,13,2,7,,gt_pose,gt,0,sim_true,,,,,,0.0,1.8,solo,,,,40,10,0,1,1,1,1,14.8,S,,0.3,2026-09-11T15:54:55,36.0,1
tless28,15,2,tless,28,obj_28,13,2,7,,gt,gt,0,fp_solo_render,40.5,,13.86,0.1111,0.1727,34.9,1.8,solo,,,,40,10,0,2,1,0,1,14.3,"F,S",,3.4,2026-09-11T15:54:55,36.0,1
tless28,15,2,tless,28,obj_28,13,2,7,,proxy,itodd/obj_000018,0,fp_solo_render,118.625,,15.75,0.1262,0.1648,35.3,1.8,solo,,,,14,6,0,2,1,0,1,14.4,"F,S",,1.3,2026-09-11T15:54:59,36.0,1
tless28,15,2,tless,28,obj_28,15,12,3,,gt_pose,gt,0,sim_true,,,,,,0.0,1.8,solo,,,,40,12,0,1,1,1,1,14.9,S,,0.3,2026-09-11T15:55:00,72.0,1
tless28,15,2,tless,28,obj_28,15,12,3,,gt,gt,0,fp_solo_render,25.688,,9.95,0.0797,0.2939,19.9,1.8,solo,,,,40,12,0,1,1,1,1,14.4,S,,3.3,2026-09-11T15:55:00,72.0,1
tless28,15,2,tless,28,obj_28,15,12,3,,proxy,itodd/obj_000018,0,fp_solo_render,115.32,,11.31,0.0907,0.2989,24.6,1.8,solo,,,,14,7,0,4,1,0,1,15.0,"F,F,F,S",,1.4,2026-09-11T15:55:04,72.0,1
tless28,15,2,tless,28,obj_28,4,166,3,,gt_pose,gt,0,sim_true,,,,,,0.0,1.8,solo,,,,40,15,0,1,1,1,1,14.9,S,,0.3,2026-09-11T15:55:05,108.0,1
tless28,15,2,tless,28,obj_28,4,166,3,,gt,gt,0,fp_solo_render,47.188,,7.91,0.0634,0.2387,15.8,1.8,solo,,,,40,3,0,3,1,0,1,14.5,"F,F,S",,3.3,2026-09-11T15:55:06,108.0,1
tless28,15,2,tless,28,obj_28,4,166,3,,proxy,itodd/obj_000018,0,fp_solo_render,118.578,,9.25,0.0741,0.2602,16.1,1.8,solo,,,,14,6,0,1,1,1,1,14.5,S,,1.2,2026-09-11T15:55:09,108.0,1
tless28,15,2,tless,28,obj_28,13,69,7,,gt_pose,gt,0,sim_true,,,,,,0.0,1.8,solo,,,,40,18,0,1,1,1,1,14.7,S,,0.3,2026-09-11T15:55:10,144.0,1
tless28,15,2,tless,28,obj_28,13,69,7,,gt,gt,0,fp_solo_render,39.0,,16.98,0.1361,0.2079,34.6,1.8,solo,,,,40,14,0,1,1,1,1,12.4,S,,3.3,2026-09-11T15:55:11,144.0,1
tless28,15,2,tless,28,obj_28,13,69,7,,proxy,itodd/obj_000018,0,fp_solo_render,113.836,,17.99,0.1442,0.2149,38.0,1.8,solo,,,,14,4,0,1,1,1,1,15.1,S,,1.3,2026-09-11T15:55:14,144.0,1
tless28,15,2,tless,28,obj_28,15,53,3,,gt_pose,gt,0,sim_true,,,,,,0.0,1.8,solo,,,,40,15,0,5,0,0,0,0.0,"F,F,F,F,F",grasp_failed,0.3,2026-09-11T15:55:15,180.0,1
tless28,15,2,tless,28,obj_28,15,53,3,,gt,gt,0,fp_solo_render,34.062,,9.63,0.0772,0.2596,18.4,1.8,solo,,,,40,12,0,1,1,1,1,14.9,S,,3.2,2026-09-11T15:55:15,180.0,1
tless28,15,2,tless,28,obj_28,15,53,3,,proxy,itodd/obj_000018,0,fp_solo_render,108.266,,10.56,0.0846,0.2615,18.1,1.8,solo,,,,14,3,0,3,0,0,0,0.0,"F,F,F",grasp_failed,1.2,2026-09-11T15:55:19,180.0,1
tless28,15,2,tless,28,obj_28,4,215,3,,gt_pose,gt,0,sim_true,,,,,,0.0,1.8,solo,,,,40,12,0,2,1,0,1,14.5,"F,S",,0.4,2026-09-11T15:55:20,216.0,1
tless28,15,2,tless,28,obj_28,4,215,3,,gt,gt,0,fp_solo_render,17.562,,3.87,0.031,0.7426,9.7,1.8,solo,,,,40,21,0,1,1,1,1,15.0,S,,3.2,2026-09-11T15:55:20,216.0,1
tless28,15,2,tless,28,obj_28,4,215,3,,proxy,itodd/obj_000018,0,fp_solo_render,119.438,,7.1,0.0569,0.5378,14.9,1.8,solo,,,,14,1,0,1,1,1,1,14.7,S,,1.3,2026-09-11T15:55:24,216.0,1
tless28,15,2,tless,28,obj_28,13,7,7,,gt_pose,gt,0,sim_true,,,,,,0.0,1.8,solo,,,,40,5,0,1,1,1,1,15.0,S,,0.2,2026-09-11T15:55:25,252.0,1
tless28,15,2,tless,28,obj_28,13,7,7,,gt,gt,0,fp_solo_render,48.656,,12.42,0.0995,0.4338,34.5,1.8,solo,,,,40,5,0,1,1,1,1,14.9,S,,3.3,2026-09-11T15:55:25,252.0,1
tless28,15,2,tless,28,obj_28,13,7,7,,proxy,itodd/obj_000018,0,fp_solo_render,103.166,,15.43,0.1237,0.3226,38.1,1.8,solo,,,,14,9,0,2,1,0,1,14.4,"F,S",,1.3,2026-09-11T15:55:29,252.0,1
tless28,15,2,tless,28,obj_28,15,18,3,,gt_pose,gt,0,sim_true,,,,,,0.0,1.8,solo,,,,40,8,0,1,1,1,1,14.7,S,,0.3,2026-09-11T15:55:30,288.0,1
tless28,15,2,tless,28,obj_28,15,18,3,,gt,gt,0,fp_solo_render,30.312,,9.82,0.0787,0.2266,19.0,1.8,solo,,,,40,22,0,1,1,1,1,14.9,S,,3.1,2026-09-11T15:55:30,288.0,1
tless28,15,2,tless,28,obj_28,15,18,3,,proxy,itodd/obj_000018,0,fp_solo_render,111.398,,11.31,0.0907,0.2469,21.6,1.8,solo,,,,14,9,0,2,1,0,1,14.7,"F,S",,1.2,2026-09-11T15:55:33,288.0,1
tless28,15,2,tless,28,obj_28,4,230,3,,gt_pose,gt,0,sim_true,,,,,,0.0,1.8,solo,,,,40,15,0,1,1,1,1,14.7,S,,0.3,2026-09-11T15:55:35,324.0,1
tless28,15,2,tless,28,obj_28,4,230,3,,gt,gt,0,fp_solo_render,32.938,,8.94,0.0717,0.349,20.0,1.8,solo,,,,40,15,0,1,1,1,1,14.6,S,,3.1,2026-09-11T15:55:35,324.0,1
tless28,15,2,tless,28,obj_28,4,230,3,,proxy,itodd/obj_000018,0,fp_solo_render,118.656,,12.34,0.0989,0.255,18.7,1.8,solo,,,,14,2,2,0,0,0,0,0.0,"B,B",all_blocked,1.2,2026-09-11T15:55:38,324.0,1
ycbv3,16,2,ycbv,3,sugar box,55,62,1,,gt_pose,gt,0,sim_true,,,,,,4.7,2.5,solo,,,,40,13,0,1,1,1,1,14.1,S,,0.6,2026-09-11T15:55:40,0.0,1
ycbv3,16,2,ycbv,3,sugar box,55,62,1,,gt,gt,0,fp_solo_render,47.969,,3.82,0.0192,1.0,7.7,2.5,solo,,,,40,13,0,1,1,1,1,13.3,S,,1.7,2026-09-11T15:55:41,0.0,1
ycbv3,16,2,ycbv,3,sugar box,55,62,1,,proxy,gso/Nestle_Nesquik_Chocolate_Powder_Flavored_Milk_Additive_109_Oz_Canister,1,fp_solo_render,100.591,,7.28,0.0367,0.8522,7.4,2.5,solo,,,,40,0,0,0,0,0,0,0.0,,unreachable,2.6,2026-09-11T15:55:42,0.0,1
ycbv3,16,2,ycbv,3,sugar box,55,205,1,,gt_pose,gt,0,sim_true,,,,,,4.7,2.5,solo,,,,40,26,0,3,1,0,1,14.6,"F,F,S",,0.3,2026-09-11T15:55:45,36.0,1
ycbv3,16,2,ycbv,3,sugar box,55,205,1,,gt,gt,0,fp_solo_render,61.5,,5.06,0.0255,1.0,7.4,2.5,solo,,,,40,25,0,3,1,0,1,14.2,"F,F,S",,1.8,2026-09-11T15:55:45,36.0,1
ycbv3,16,2,ycbv,3,sugar box,55,205,1,,proxy,gso/Nestle_Nesquik_Chocolate_Powder_Flavored_Milk_Additive_109_Oz_Canister,1,fp_solo_render,103.701,,9.82,0.0495,0.6317,16.9,2.5,solo,,,,40,4,0,1,1,1,1,12.8,S,,2.7,2026-09-11T15:55:47,36.0,1
ycbv3,16,2,ycbv,3,sugar box,55,454,1,,gt_pose,gt,0,sim_true,,,,,,4.7,2.5,solo,,,,40,26,0,1,1,1,1,13.9,S,,0.3,2026-09-11T15:55:50,72.0,1
ycbv3,16,2,ycbv,3,sugar box,55,454,1,,gt,gt,0,fp_solo_render,53.094,,4.45,0.0225,0.9551,7.4,2.5,solo,,,,40,1,0,1,0,0,0,0.0,F,grasp_failed,1.7,2026-09-11T15:55:50,72.0,1
ycbv3,16,2,ycbv,3,sugar box,55,454,1,,proxy,gso/Nestle_Nesquik_Chocolate_Powder_Flavored_Milk_Additive_109_Oz_Canister,1,fp_solo_render,106.773,,9.23,0.0465,0.6335,16.4,2.5,solo,,,,40,1,0,1,1,1,1,10.9,S,,2.7,2026-09-11T15:55:52,72.0,1
ycbv3,16,2,ycbv,3,sugar box,55,513,1,,gt_pose,gt,0,sim_true,,,,,,4.7,2.5,solo,,,,40,13,0,2,1,0,1,14.5,"F,S",,0.3,2026-09-11T15:55:55,108.0,1
ycbv3,16,2,ycbv,3,sugar box,55,513,1,,gt,gt,0,fp_solo_render,56.625,,2.76,0.0139,0.8918,8.3,2.5,solo,,,,40,13,0,2,1,0,1,14.0,"F,S",,1.8,2026-09-11T15:55:55,108.0,1
ycbv3,16,2,ycbv,3,sugar box,55,513,1,,proxy,gso/Nestle_Nesquik_Chocolate_Powder_Flavored_Milk_Additive_109_Oz_Canister,1,fp_solo_render,120.906,,11.32,0.0571,0.4751,30.4,2.5,solo,,,,40,0,0,0,0,0,0,0.0,,unreachable,2.6,2026-09-11T15:55:57,108.0,1
ycbv3,16,2,ycbv,3,sugar box,55,526,1,,gt_pose,gt,0,sim_true,,,,,,4.7,2.5,solo,,,,40,13,0,1,1,1,1,14.2,S,,0.3,2026-09-11T15:56:00,144.0,1
ycbv3,16,2,ycbv,3,sugar box,55,526,1,,gt,gt,0,fp_solo_render,47.594,,4.74,0.0239,0.8953,8.4,2.5,solo,,,,40,0,0,0,0,0,0,0.0,,unreachable,1.7,2026-09-11T15:56:00,144.0,1
ycbv3,16,2,ycbv,3,sugar box,55,526,1,,proxy,gso/Nestle_Nesquik_Chocolate_Powder_Flavored_Milk_Additive_109_Oz_Canister,1,fp_solo_render,114.805,,8.69,0.0438,0.7419,16.2,2.5,solo,,,,40,9,0,1,1,1,1,13.6,S,,2.8,2026-09-11T15:56:02,144.0,1
ycbv3,16,2,ycbv,3,sugar box,55,562,1,,gt_pose,gt,0,sim_true,,,,,,4.7,2.5,solo,,,,40,27,0,1,1,1,1,13.5,S,,0.3,2026-09-11T15:56:04,180.0,1
ycbv3,16,2,ycbv,3,sugar box,55,562,1,,gt,gt,0,fp_solo_render,50.094,,6.31,0.0318,0.9792,8.3,2.5,solo,,,,40,26,0,1,1,1,1,13.0,S,,1.8,2026-09-11T15:56:05,180.0,1
ycbv3,16,2,ycbv,3,sugar box,55,562,1,,proxy,gso/Nestle_Nesquik_Chocolate_Powder_Flavored_Milk_Additive_109_Oz_Canister,1,fp_solo_render,107.094,,8.37,0.0422,0.6531,14.3,2.5,solo,,,,40,0,0,0,0,0,0,0.0,,unreachable,2.6,2026-09-11T15:56:07,180.0,1
ycbv3,16,2,ycbv,3,sugar box,55,563,1,,gt_pose,gt,0,sim_true,,,,,,4.7,2.5,solo,,,,40,34,0,1,1,1,1,14.8,S,,0.3,2026-09-11T15:56:09,216.0,1
ycbv3,16,2,ycbv,3,sugar box,55,563,1,,gt,gt,0,fp_solo_render,45.375,,5.77,0.0291,1.0,8.2,2.5,solo,,,,40,34,0,1,1,1,1,14.6,S,,1.8,2026-09-11T15:56:10,216.0,1
ycbv3,16,2,ycbv,3,sugar box,55,563,1,,proxy,gso/Nestle_Nesquik_Chocolate_Powder_Flavored_Milk_Additive_109_Oz_Canister,1,fp_solo_render,109.344,,11.46,0.0577,0.4877,19.8,2.5,solo,,,,40,26,0,2,1,0,1,14.0,"F,S",,2.9,2026-09-11T15:56:11,216.0,1
ycbv3,16,2,ycbv,3,sugar box,55,588,1,,gt_pose,gt,0,sim_true,,,,,,4.7,2.5,solo,,,,40,33,0,1,1,1,1,14.7,S,,0.3,2026-09-11T15:56:14,252.0,1
ycbv3,16,2,ycbv,3,sugar box,55,588,1,,gt,gt,0,fp_solo_render,49.656,,3.85,0.0194,1.0,7.5,2.5,solo,,,,40,33,0,1,1,1,1,14.6,S,,1.8,2026-09-11T15:56:15,252.0,1
ycbv3,16,2,ycbv,3,sugar box,55,588,1,,proxy,gso/Nestle_Nesquik_Chocolate_Powder_Flavored_Milk_Additive_109_Oz_Canister,1,fp_solo_render,118.031,,10.03,0.0505,0.6034,18.2,2.5,solo,,,,40,25,0,2,1,0,1,11.0,"F,S",,2.9,2026-09-11T15:56:16,252.0,1
ycbv3,16,2,ycbv,3,sugar box,55,622,1,,gt_pose,gt,0,sim_true,,,,,,4.7,2.5,solo,,,,40,11,0,1,1,1,1,14.3,S,,0.3,2026-09-11T15:56:19,288.0,1
ycbv3,16,2,ycbv,3,sugar box,55,622,1,,gt,gt,0,fp_solo_render,59.062,,1.69,0.0085,1.0,8.0,2.5,solo,,,,40,12,0,1,1,1,1,14.2,S,,1.8,2026-09-11T15:56:20,288.0,1
ycbv3,16,2,ycbv,3,sugar box,55,622,1,,proxy,gso/Nestle_Nesquik_Chocolate_Powder_Flavored_Milk_Additive_109_Oz_Canister,1,fp_solo_render,111.227,,9.01,0.0454,0.627,11.3,2.5,solo,,,,40,0,0,0,0,0,0,0.0,,unreachable,2.6,2026-09-11T15:56:21,288.0,1
tless24,17,2,tless,24,obj_24,8,84,5,,gt_pose,gt,0,sim_true,,,,,,0.1,1.4,solo,,,,37,5,0,2,1,0,1,14.7,"F,S",,0.7,2026-09-11T15:56:25,0.0,1
tless24,17,2,tless,24,obj_24,8,84,5,,gt,gt,0,fp_solo_render,51.656,,5.75,0.0679,0.4356,12.9,1.4,solo,,,,37,4,0,2,1,0,1,14.6,"F,S",,3.0,2026-09-11T15:56:25,0.0,1
tless24,17,2,tless,24,obj_24,8,84,5,,proxy,housecat6d/bottle-sanitizer_small_white,1,fp_solo_render,135.562,,7.19,0.0849,0.3367,12.8,1.4,solo,,,,40,6,0,1,1,1,1,14.6,S,,4.9,2026-09-11T15:56:28,0.0,1
tless24,17,2,tless,24,obj_24,10,5,5,,gt_pose,gt,0,sim_true,,,,,,0.1,1.4,solo,,,,37,8,0,1,1,1,1,14.7,S,,0.4,2026-09-11T15:56:33,36.0,1
tless24,17,2,tless,24,obj_24,10,5,5,,gt,gt,0,fp_solo_render,53.469,,9.27,0.1094,0.2681,20.8,1.4,solo,,,,37,8,0,1,1,1,1,14.7,S,,2.8,2026-09-11T15:56:34,36.0,1
tless24,17,2,tless,24,obj_24,10,5,5,,proxy,housecat6d/bottle-sanitizer_small_white,1,fp_solo_render,125.625,,12.75,0.1504,0.1896,26.3,1.4,solo,,,,40,11,0,1,1,1,1,14.5,S,,4.0,2026-09-11T15:56:37,36.0,1
tless24,17,2,tless,24,obj_24,14,147,6,,gt_pose,gt,0,sim_true,,,,,,0.1,1.4,solo,,,,37,9,0,1,1,1,1,14.8,S,,0.3,2026-09-11T15:56:41,72.0,1
tless24,17,2,tless,24,obj_24,14,147,6,,gt,gt,0,fp_solo_render,43.594,,3.92,0.0463,0.5508,8.2,1.4,solo,,,,37,9,0,1,1,1,1,14.7,S,,2.9,2026-09-11T15:56:41,72.0,1
tless24,17,2,tless,24,obj_24,14,147,6,,proxy,housecat6d/bottle-sanitizer_small_white,1,fp_solo_render,137.094,,5.59,0.0659,0.4948,8.6,1.4,solo,,,,40,7,0,1,1,1,1,14.8,S,,4.1,2026-09-11T15:56:44,72.0,1
tless24,17,2,tless,24,obj_24,19,161,7,,gt_pose,gt,0,sim_true,,,,,,0.1,1.4,solo,,,,37,5,0,1,1,1,1,14.9,S,,0.3,2026-09-11T15:56:48,108.0,1
tless24,17,2,tless,24,obj_24,19,161,7,,gt,gt,0,fp_solo_render,51.656,,7.56,0.0892,0.3267,17.5,1.4,solo,,,,37,5,0,3,1,0,1,14.4,"F,F,S",,2.9,2026-09-11T15:56:49,108.0,1
tless24,17,2,tless,24,obj_24,19,161,7,,proxy,housecat6d/bottle-sanitizer_small_white,1,fp_solo_render,134.156,,7.73,0.0912,0.3417,14.7,1.4,solo,,,,40,2,0,1,1,1,1,14.9,S,,4.1,2026-09-11T15:56:52,108.0,1
tless24,17,2,tless,24,obj_24,8,100,5,,gt_pose,gt,0,sim_true,,,,,,0.1,1.4,solo,,,,37,4,0,1,1,1,1,14.9,S,,0.3,2026-09-11T15:56:56,144.0,1
tless24,17,2,tless,24,obj_24,8,100,5,,gt,gt,0,fp_solo_render,47.812,,5.5,0.0649,0.4485,12.3,1.4,solo,,,,37,4,0,1,1,1,1,14.9,S,,2.8,2026-09-11T15:56:56,144.0,1
tless24,17,2,tless,24,obj_24,8,100,5,,proxy,housecat6d/bottle-sanitizer_small_white,1,fp_solo_render,136.281,,6.27,0.074,0.4224,10.9,1.4,solo,,,,40,2,0,1,1,1,1,14.9,S,,4.1,2026-09-11T15:56:59,144.0,1
tless24,17,2,tless,24,obj_24,10,13,5,,gt_pose,gt,0,sim_true,,,,,,0.1,1.4,solo,,,,37,12,0,1,1,1,1,14.9,S,,0.3,2026-09-11T15:57:03,180.0,1
tless24,17,2,tless,24,obj_24,10,13,5,,gt,gt,0,fp_solo_render,55.719,,8.66,0.1023,0.2852,19.6,1.4,solo,,,,37,4,0,1,1,1,1,14.7,S,,2.8,2026-09-11T15:57:03,180.0,1
tless24,17,2,tless,24,obj_24,10,13,5,,proxy,housecat6d/bottle-sanitizer_small_white,1,fp_solo_render,127.109,,9.88,0.1166,0.2391,20.0,1.4,solo,,,,40,13,0,1,1,1,1,14.5,S,,4.2,2026-09-11T15:57:06,180.0,1
tless24,17,2,tless,24,obj_24,8,136,5,,gt_pose,gt,0,sim_true,,,,,,0.1,1.4,solo,,,,37,11,0,1,1,1,1,14.9,S,,0.4,2026-09-11T15:57:11,216.0,1
tless24,17,2,tless,24,obj_24,8,136,5,,gt,gt,0,fp_solo_render,37.312,,3.25,0.0383,0.6278,6.6,1.4,solo,,,,37,11,0,1,1,1,1,14.9,S,,2.8,2026-09-11T15:57:11,216.0,1
tless24,17,2,tless,24,obj_24,8,136,5,,proxy,housecat6d/bottle-sanitizer_small_white,1,fp_solo_render,127.406,,10.8,0.1275,0.3054,19.0,1.4,solo,,,,40,13,0,1,1,1,1,14.8,S,,4.1,2026-09-11T15:57:14,216.0,1
tless24,17,2,tless,24,obj_24,10,20,5,,gt_pose,gt,0,sim_true,,,,,,0.1,1.4,solo,,,,37,11,0,1,1,1,1,14.9,S,,0.3,2026-09-11T15:57:18,252.0,1
tless24,17,2,tless,24,obj_24,10,20,5,,gt,gt,0,fp_solo_render,47.0,,7.85,0.0926,0.3097,17.8,1.4,solo,,,,37,13,0,1,1,1,1,14.9,S,,2.8,2026-09-11T15:57:18,252.0,1
tless24,17,2,tless,24,obj_24,10,20,5,,proxy,housecat6d/bottle-sanitizer_small_white,1,fp_solo_render,124.047,,9.42,0.1112,0.2451,18.7,1.4,solo,,,,40,9,0,1,1,1,1,11.6,S,,4.1,2026-09-11T15:57:21,252.0,1
tless24,17,2,tless,24,obj_24,14,166,6,,gt_pose,gt,0,sim_true,,,,,,0.1,1.4,solo,,,,37,12,0,1,1,1,1,15.0,S,,0.4,2026-09-11T15:57:25,288.0,1
tless24,17,2,tless,24,obj_24,14,166,6,,gt,gt,0,fp_solo_render,54.344,,4.2,0.0496,0.547,9.2,1.4,solo,,,,37,12,0,1,1,1,1,15.0,S,,2.8,2026-09-11T15:57:26,288.0,1
tless24,17,2,tless,24,obj_24,14,166,6,,proxy,housecat6d/bottle-sanitizer_small_white,1,fp_solo_render,129.891,,5.4,0.0638,0.4957,6.5,1.4,solo,,,,40,2,0,2,1,0,1,14.7,"F,S",,4.4,2026-09-11T15:57:29,288.0,1
tless24,17,2,tless,24,obj_24,19,225,7,,gt_pose,gt,0,sim_true,,,,,,0.1,1.4,solo,,,,37,8,0,1,1,1,1,14.7,S,,0.4,2026-09-11T15:57:33,324.0,1
tless24,17,2,tless,24,obj_24,19,225,7,,gt,gt,0,fp_solo_render,51.5,,8.98,0.106,0.2911,22.4,1.4,solo,,,,37,8,0,5,1,0,1,14.8,"F,F,F,F,S",,3.3,2026-09-11T15:57:33,324.0,1
tless24,17,2,tless,24,obj_24,19,225,7,,proxy,housecat6d/bottle-sanitizer_small_white,1,fp_solo_render,136.562,,17.0,0.2006,0.1462,31.1,1.4,solo,,,,40,7,0,5,0,0,0,0.0,"F,F,F,F,F",grasp_failed,4.5,2026-09-11T15:57:37,324.0,1
tless9,18,2,tless,9,obj_9,5,7,2,,gt_pose,gt,0,sim_true,,,,,,0.1,1.7,solo,,,,40,8,0,1,1,1,1,14.0,S,,0.3,2026-09-11T15:57:41,0.0,1
tless9,18,2,tless,9,obj_9,5,7,2,,gt,gt,0,fp_solo_render,19.5,,3.59,0.0248,0.8819,13.1,1.7,solo,,,,40,8,0,2,1,0,1,8.6,"F,S",,3.7,2026-09-11T15:57:42,0.0,1
tless9,18,2,tless,9,obj_9,5,7,2,,proxy,itodd/obj_000018,0,fp_solo_render,126.531,,9.17,0.0634,0.5812,29.5,1.7,solo,,,,14,3,0,1,1,1,1,5.1,S,,1.2,2026-09-11T15:57:45,0.0,1
tless9,18,2,tless,9,obj_9,11,216,2,,gt_pose,gt,0,sim_true,,,,,,0.1,1.7,solo,,,,40,16,0,1,1,1,1,14.6,S,,0.4,2026-09-11T15:57:47,36.0,1
tless9,18,2,tless,9,obj_9,11,216,2,,gt,gt,0,fp_solo_render,11.938,,3.91,0.027,0.8988,11.9,1.7,solo,,,,40,16,0,5,1,0,1,6.4,"F,F,F,F,S",,3.8,2026-09-11T15:57:47,36.0,1
tless9,18,2,tless,9,obj_9,11,216,2,,proxy,itodd/obj_000018,0,fp_solo_render,130.75,,5.62,0.0389,0.6892,11.2,1.7,solo,,,,14,8,0,1,1,1,1,14.1,S,,1.3,2026-09-11T15:57:51,36.0,1
tless9,18,2,tless,9,obj_9,12,100,5,,gt_pose,gt,0,sim_true,,,,,,0.1,1.7,solo,,,,40,10,0,1,1,1,1,14.1,S,,0.4,2026-09-11T15:57:52,72.0,1
tless9,18,2,tless,9,obj_9,12,100,5,,gt,gt,0,fp_solo_render,34.75,,2.97,0.0205,0.9114,10.5,1.7,solo,,,,40,9,0,1,1,1,1,14.5,S,,3.6,2026-09-11T15:57:53,72.0,1
tless9,18,2,tless,9,obj_9,12,100,5,,proxy,itodd/obj_000018,0,fp_solo_render,120.312,,8.69,0.0601,0.6027,28.2,1.7,solo,,,,14,5,0,1,1,1,1,14.9,S,,1.3,2026-09-11T15:57:56,72.0,1
tless9,18,2,tless,9,obj_9,17,168,6,,gt_pose,gt,0,sim_true,,,,,,0.1,1.7,solo,,,,40,15,0,1,1,1,1,14.9,S,,0.4,2026-09-11T15:57:58,108.0,1
tless9,18,2,tless,9,obj_9,17,168,6,,gt,gt,0,fp_solo_render,14.25,,5.79,0.0401,0.6626,16.9,1.7,solo,,,,40,16,0,4,1,0,1,14.1,"F,F,F,S",,3.8,2026-09-11T15:57:58,108.0,1
tless9,18,2,tless,9,obj_9,17,168,6,,proxy,itodd/obj_000018,0,fp_solo_render,122.547,,7.56,0.0523,0.5835,14.0,1.7,solo,,,,14,6,0,1,1,1,1,15.0,S,,1.3,2026-09-11T15:58:02,108.0,1
tless9,18,2,tless,9,obj_9,18,206,6,,gt_pose,gt,0,sim_true,,,,,,0.1,1.7,solo,,,,40,8,0,3,1,0,1,5.1,"F,F,S",,0.6,2026-09-11T15:58:03,144.0,1
tless9,18,2,tless,9,obj_9,18,206,6,,gt,gt,0,fp_solo_render,-3.875,,3.34,0.0231,0.9231,10.6,1.7,solo,,,,40,7,0,1,1,1,1,14.7,S,,3.4,2026-09-11T15:58:04,144.0,1
tless9,18,2,tless,9,obj_9,18,206,6,,proxy,itodd/obj_000018,0,fp_solo_render,130.391,,6.43,0.0445,0.6552,13.5,1.7,solo,,,,14,0,0,0,0,0,0,0.0,,unreachable,1.0,2026-09-11T15:58:07,144.0,1
tless9,18,2,tless,9,obj_9,5,70,2,,gt_pose,gt,0,sim_true,,,,,,0.1,1.7,solo,,,,40,7,0,1,1,1,1,15.0,S,,0.4,2026-09-11T15:58:08,180.0,1
tless9,18,2,tless,9,obj_9,5,70,2,,gt,gt,0,fp_solo_render,6.938,,4.5,0.0311,0.7635,12.4,1.7,solo,,,,40,7,0,1,1,1,1,13.3,S,,3.4,2026-09-11T15:58:09,180.0,1
tless9,18,2,tless,9,obj_9,5,70,2,,proxy,itodd/obj_000018,0,fp_solo_render,130.125,,9.23,0.0638,0.4995,29.5,1.7,solo,,,,14,4,0,3,1,0,1,12.9,"F,F,S",,1.4,2026-09-11T15:58:12,180.0,1
tless9,18,2,tless,9,obj_9,5,20,2,,gt_pose,gt,0,sim_true,,,,,,0.1,1.7,solo,,,,40,7,3,4,0,0,0,0.0,"F,F,F,B,B,B,F",grasp_failed,0.8,2026-09-11T15:58:14,216.0,1
tless9,18,2,tless,9,obj_9,5,20,2,,gt,gt,0,fp_solo_render,13.25,,3.21,0.0222,0.8992,11.6,1.7,solo,,,,40,7,4,3,0,0,0,0.0,"F,F,F,B,B,B,B",grasp_failed,3.7,2026-09-11T15:58:14,216.0,1
tless9,18,2,tless,9,obj_9,5,20,2,,proxy,itodd/obj_000018,0,fp_solo_render,132.219,,11.57,0.0801,0.4495,35.0,1.7,solo,,,,14,4,0,1,1,1,1,14.6,S,,1.2,2026-09-11T15:58:18,216.0,1
tless9,18,2,tless,9,obj_9,11,226,2,,gt_pose,gt,0,sim_true,,,,,,0.1,1.7,solo,,,,40,2,0,2,0,0,0,0.0,"F,F",grasp_failed,0.3,2026-09-11T15:58:20,252.0,1
tless9,18,2,tless,9,obj_9,11,226,2,,gt,gt,0,fp_solo_render,24.75,,4.57,0.0316,0.7682,14.9,1.7,solo,,,,40,2,0,2,0,0,0,0.0,"F,F",grasp_failed,3.3,2026-09-11T15:58:20,252.0,1
tless9,18,2,tless,9,obj_9,11,226,2,,proxy,itodd/obj_000018,0,fp_solo_render,126.453,,6.34,0.0439,0.6619,12.2,1.7,solo,,,,14,7,1,5,1,0,1,12.6,"F,F,F,F,B,S",,1.9,2026-09-11T15:58:23,252.0,1
tless9,18,2,tless,9,obj_9,12,171,5,,gt_pose,gt,0,sim_true,,,,,,0.1,1.7,solo,,,,40,4,1,3,0,0,0,0.0,"F,F,B,F",grasp_failed,0.5,2026-09-11T15:58:25,288.0,1
tless9,18,2,tless,9,obj_9,12,171,5,,gt,gt,0,fp_solo_render,18.188,,4.66,0.0322,0.7524,12.0,1.7,solo,,,,40,4,1,3,1,0,1,6.8,"F,F,B,S",,3.6,2026-09-11T15:58:26,288.0,1
tless9,18,2,tless,9,obj_9,12,171,5,,proxy,itodd/obj_000018,0,fp_solo_render,133.406,,9.57,0.0662,0.4286,27.7,1.7,solo,,,,14,5,1,4,0,0,0,0.0,"F,F,F,F,B",grasp_failed,1.4,2026-09-11T15:58:29,288.0,1
tless9,18,2,tless,9,obj_9,17,184,6,,gt_pose,gt,0,sim_true,,,,,,0.1,1.7,solo,,,,40,10,0,3,1,0,1,14.0,"F,F,S",,0.5,2026-09-11T15:58:31,324.0,1
tless9,18,2,tless,9,obj_9,17,184,6,,gt,gt,0,fp_solo_render,18.062,,5.52,0.0382,0.6973,15.9,1.7,solo,,,,40,11,0,1,1,1,1,14.5,S,,3.4,2026-09-11T15:58:31,324.0,1
tless9,18,2,tless,9,obj_9,17,184,6,,proxy,itodd/obj_000018,0,fp_solo_render,137.312,,22.53,0.1559,0.2829,57.1,1.7,solo,,,,14,7,6,1,0,0,0,0.0,"B,B,B,B,F,B,B",grasp_failed,1.8,2026-09-11T15:58:35,324.0,1
tless2,19,2,tless,2,obj_2,12,43,0,,gt_pose,gt,0,sim_true,,,,,,0.0,1.5,solo,,,,10,1,0,1,0,0,0,0.0,F,grasp_failed,0.2,2026-09-11T15:58:38,0.0,1
tless2,19,2,tless,2,obj_2,12,43,0,,gt,gt,0,fp_solo_render,50.688,,4.5,0.0681,0.527,14.6,1.5,solo,,,,10,3,1,2,0,0,0,0.0,"F,F,B",grasp_failed,3.4,2026-09-11T15:58:39,0.0,1
tless2,19,2,tless,2,obj_2,12,43,0,,proxy,gso/Germanium_GE132,1,fp_solo_render,103.041,,11.02,0.1666,0.2409,27.0,1.5,solo,,,,40,14,0,1,1,1,1,14.1,S,,1.9,2026-09-11T15:58:42,0.0,1
tless2,19,2,tless,2,obj_2,20,372,8,,gt_pose,gt,0,sim_true,,,,,,0.0,1.5,solo,,,,10,1,0,1,0,0,0,0.0,F,grasp_failed,0.2,2026-09-11T15:58:44,36.0,1
tless2,19,2,tless,2,obj_2,20,372,8,,gt,gt,0,fp_solo_render,38.188,,11.62,0.1756,0.2228,33.1,1.5,solo,,,,10,1,0,1,0,0,0,0.0,F,grasp_failed,3.3,2026-09-11T15:58:44,36.0,1
tless2,19,2,tless,2,obj_2,20,372,8,,proxy,gso/Germanium_GE132,1,fp_solo_render,128.812,,18.53,0.2802,0.1531,40.5,1.5,solo,,,,40,16,0,5,0,0,0,0.0,"F,F,F,F,F",grasp_failed,2.0,2026-09-11T15:58:48,36.0,1
tless2,19,2,tless,2,obj_2,12,66,0,,gt_pose,gt,0,sim_true,,,,,,0.0,1.5,solo,,,,10,1,0,1,1,1,1,14.6,S,,0.2,2026-09-11T15:58:50,72.0,1
tless2,19,2,tless,2,obj_2,12,66,0,,gt,gt,0,fp_solo_render,46.594,,8.26,0.1248,0.3466,22.6,1.5,solo,,,,10,2,0,2,0,0,0,0.0,"F,F",grasp_failed,3.3,2026-09-11T15:58:50,72.0,1
tless2,19,2,tless,2,obj_2,12,66,0,,proxy,gso/Germanium_GE132,1,fp_solo_render,111.461,,14.03,0.2121,0.1719,32.1,1.5,solo,,,,40,10,0,1,1,1,1,8.8,S,,1.9,2026-09-11T15:58:53,72.0,1
tless2,19,2,tless,2,obj_2,20,378,8,,gt_pose,gt,0,sim_true,,,,,,0.0,1.5,solo,,,,10,1,0,1,0,0,0,0.0,F,grasp_failed,0.1,2026-09-11T15:58:55,108.0,1
tless2,19,2,tless,2,obj_2,20,378,8,,gt,gt,0,fp_solo_render,29.812,,11.6,0.1753,0.2235,33.1,1.5,solo,,,,10,5,0,2,1,0,1,14.6,"F,S",,3.4,2026-09-11T15:58:55,108.0,1
tless2,19,2,tless,2,obj_2,20,378,8,,proxy,gso/Germanium_GE132,1,fp_solo_render,129.109,,18.24,0.2757,0.1562,40.0,1.5,solo,,,,40,17,0,5,0,0,0,0.0,"F,F,F,F,F",grasp_failed,2.0,2026-09-11T15:58:59,108.0,1
tless2,19,2,tless,2,obj_2,12,130,0,,gt_pose,gt,0,sim_true,,,,,,0.0,1.5,solo,,,,10,3,0,1,1,1,1,14.7,S,,0.2,2026-09-11T15:59:01,144.0,1
tless2,19,2,tless,2,obj_2,12,130,0,,gt,gt,0,fp_solo_render,43.312,,2.68,0.0405,0.7005,9.3,1.5,solo,,,,10,1,0,1,0,0,0,0.0,F,grasp_failed,3.3,2026-09-11T15:59:01,144.0,1
tless2,19,2,tless,2,obj_2,12,130,0,,proxy,gso/Germanium_GE132,1,fp_solo_render,113.609,,10.2,0.1543,0.2972,26.3,1.5,solo,,,,40,9,0,2,1,0,1,14.9,"F,S",,2.0,2026-09-11T15:59:05,144.0,1
tless2,19,2,tless,2,obj_2,12,199,0,,gt_pose,gt,0,sim_true,,,,,,0.0,1.5,solo,,,,10,2,0,2,0,0,0,0.0,"F,F",grasp_failed,0.2,2026-09-11T15:59:07,180.0,1
tless2,19,2,tless,2,obj_2,12,199,0,,gt,gt,0,fp_solo_render,45.812,,1.52,0.0229,0.917,4.0,1.5,solo,,,,10,1,0,1,0,0,0,0.0,F,grasp_failed,3.2,2026-09-11T15:59:07,180.0,1
tless2,19,2,tless,2,obj_2,12,199,0,,proxy,gso/Germanium_GE132,1,fp_solo_render,128.562,,7.57,0.1144,0.4421,18.5,1.5,solo,,,,40,10,0,1,1,1,1,14.8,S,,1.9,2026-09-11T15:59:10,180.0,1
tless2,19,2,tless,2,obj_2,12,307,1,,gt_pose,gt,0,sim_true,,,,,,0.0,1.5,solo,,,,10,1,0,1,1,1,1,15.0,S,,0.2,2026-09-11T15:59:12,216.0,1
tless2,19,2,tless,2,obj_2,12,307,1,,gt,gt,0,fp_solo_render,34.125,,7.01,0.106,0.3799,22.5,1.5,solo,,,,10,2,0,2,0,0,0,0.0,"F,F",grasp_failed,3.3,2026-09-11T15:59:12,216.0,1
tless2,19,2,tless,2,obj_2,12,307,1,,proxy,gso/Germanium_GE132,1,fp_solo_render,129.859,,14.37,0.2173,0.2105,33.2,1.5,solo,,,,40,10,0,3,1,0,1,14.5,"F,F,S",,2.0,2026-09-11T15:59:15,216.0,1
tless2,19,2,tless,2,obj_2,12,399,0,,gt_pose,gt,0,sim_true,,,,,,0.0,1.5,solo,,,,10,1,0,1,0,0,0,0.0,F,grasp_failed,0.1,2026-09-11T15:59:18,252.0,1
tless2,19,2,tless,2,obj_2,12,399,0,,gt,gt,0,fp_solo_render,28.312,,6.52,0.0985,0.4087,23.7,1.5,solo,,,,10,2,0,2,0,0,0,0.0,"F,F",grasp_failed,3.3,2026-09-11T15:59:18,252.0,1
tless2,19,2,tless,2,obj_2,12,399,0,,proxy,gso/Germanium_GE132,1,fp_solo_render,131.156,,13.57,0.2052,0.2421,31.7,1.5,solo,,,,40,8,5,3,0,0,0,0.0,"F,F,B,B,B,F,B,B",grasp_failed,2.2,2026-09-11T15:59:21,252.0,1
tless2,19,2,tless,2,obj_2,12,471,0,,gt_pose,gt,0,sim_true,,,,,,0.0,1.5,solo,,,,10,1,0,1,1,1,1,14.6,S,,0.2,2026-09-11T15:59:23,288.0,1
tless2,19,2,tless,2,obj_2,12,471,0,,gt,gt,0,fp_solo_render,40.906,,7.22,0.1091,0.3857,26.6,1.5,solo,,,,10,1,0,1,0,0,0,0.0,F,grasp_failed,3.3,2026-09-11T15:59:24,288.0,1
tless2,19,2,tless,2,obj_2,12,471,0,,proxy,gso/Germanium_GE132,1,fp_solo_render,130.938,,14.0,0.2116,0.2035,32.6,1.5,solo,,,,40,13,0,5,0,0,0,0.0,"F,F,F,F,F",grasp_failed,2.0,2026-09-11T15:59:27,288.0,1
tless7,20,2,tless,7,obj_7,2,3,2,,gt_pose,gt,0,sim_true,,,,,,0.2,1.7,solo,,,,40,12,0,2,1,0,1,15.0,"F,S",,0.3,2026-09-11T15:59:29,0.0,1
tless7,20,2,tless,7,obj_7,2,3,2,,gt,gt,0,fp_solo_render,33.125,,4.12,0.0231,0.9281,13.5,1.7,solo,,,,40,11,0,1,1,1,1,12.6,S,,3.4,2026-09-11T15:59:29,0.0,1
tless7,20,2,tless,7,obj_7,2,3,2,,proxy,itodd/obj_000013,0,fp_solo_render,128.375,,15.05,0.0843,0.3832,39.0,1.7,solo,,,,40,0,0,0,0,0,0,0.0,,unreachable,1.4,2026-09-11T15:59:33,0.0,1
tless7,20,2,tless,7,obj_7,6,134,1,,gt_pose,gt,0,sim_true,,,,,,0.2,1.7,solo,,,,40,17,0,1,1,1,1,6.2,S,,0.3,2026-09-11T15:59:34,36.0,1
tless7,20,2,tless,7,obj_7,6,134,1,,gt,gt,0,fp_solo_render,14.625,,2.66,0.0149,1.0,5.8,1.7,solo,,,,40,17,0,1,1,1,1,6.3,S,,3.4,2026-09-11T15:59:34,36.0,1
tless7,20,2,tless,7,obj_7,6,134,1,,proxy,itodd/obj_000013,0,fp_solo_render,130.75,,18.44,0.1032,0.3931,40.3,1.7,solo,,,,40,0,0,0,0,0,0,0.0,,unreachable,1.4,2026-09-11T15:59:38,36.0,1
tless7,20,2,tless,7,obj_7,12,100,4,,gt_pose,gt,0,sim_true,,,,,,0.2,1.7,solo,,,,40,16,0,1,1,1,1,14.9,S,,0.3,2026-09-11T15:59:39,72.0,1
tless7,20,2,tless,7,obj_7,12,100,4,,gt,gt,0,fp_solo_render,26.688,,3.3,0.0185,0.9575,9.7,1.7,solo,,,,40,16,0,1,1,1,1,14.9,S,,3.5,2026-09-11T15:59:40,72.0,1
tless7,20,2,tless,7,obj_7,12,100,4,,proxy,itodd/obj_000013,0,fp_solo_render,137.094,,11.06,0.0619,0.558,32.0,1.7,solo,,,,40,1,0,1,0,0,0,0.0,F,grasp_failed,1.5,2026-09-11T15:59:43,72.0,1
tless7,20,2,tless,7,obj_7,17,184,5,,gt_pose,gt,0,sim_true,,,,,,0.2,1.7,solo,,,,40,16,0,2,1,0,1,14.8,"F,S",,0.4,2026-09-11T15:59:45,108.0,1
tless7,20,2,tless,7,obj_7,17,184,5,,gt,gt,0,fp_solo_render,29.0,,5.12,0.0287,0.8658,15.3,1.7,solo,,,,40,16,0,1,1,1,1,14.9,S,,3.5,2026-09-11T15:59:45,108.0,1
tless7,20,2,tless,7,obj_7,17,184,5,,proxy,itodd/obj_000013,0,fp_solo_render,135.719,,23.86,0.1336,0.17,49.6,1.7,solo,,,,40,0,0,0,0,0,0,0.0,,unreachable,1.5,2026-09-11T15:59:48,108.0,1
tless7,20,2,tless,7,obj_7,18,86,5,,gt_pose,gt,0,sim_true,,,,,,0.2,1.7,solo,,,,40,21,0,1,1,1,1,12.4,S,,0.3,2026-09-11T15:59:50,144.0,1
tless7,20,2,tless,7,obj_7,18,86,5,,gt,gt,0,fp_solo_render,24.062,,3.55,0.0199,0.9329,12.7,1.7,solo,,,,40,21,0,1,1,1,1,12.1,S,,3.6,2026-09-11T15:59:50,144.0,1
tless7,20,2,tless,7,obj_7,18,86,5,,proxy,itodd/obj_000013,0,fp_solo_render,136.438,,15.13,0.0847,0.4118,31.0,1.7,solo,,,,40,4,3,1,0,0,0,0.0,"F,B,B,B",grasp_failed,2.0,2026-09-11T15:59:54,144.0,1
tless7,20,2,tless,7,obj_7,2,76,2,,gt_pose,gt,0,sim_true,,,,,,0.2,1.7,solo,,,,40,9,0,1,1,1,1,13.5,S,,0.4,2026-09-11T15:59:56,180.0,1
tless7,20,2,tless,7,obj_7,2,76,2,,gt,gt,0,fp_solo_render,21.062,,4.1,0.0229,0.9237,10.5,1.7,solo,,,,40,7,0,2,1,0,1,14.5,"F,S",,3.5,2026-09-11T15:59:56,180.0,1
tless7,20,2,tless,7,obj_7,2,76,2,,proxy,itodd/obj_000013,0,fp_solo_render,128.922,,10.3,0.0576,0.548,22.9,1.7,solo,,,,40,5,3,2,0,0,0,0.0,"F,B,F,B,B",grasp_failed,2.1,2026-09-11T16:00:00,180.0,1
tless7,20,2,tless,7,obj_7,2,92,2,,gt_pose,gt,0,sim_true,,,,,,0.2,1.7,solo,,,,40,11,0,1,1,1,1,13.7,S,,0.3,2026-09-11T16:00:02,216.0,1
tless7,20,2,tless,7,obj_7,2,92,2,,gt,gt,0,fp_solo_render,20.688,,4.27,0.0239,0.9193,13.0,1.7,solo,,,,40,11,0,1,1,1,1,7.7,S,,3.4,2026-09-11T16:00:02,216.0,1
tless7,20,2,tless,7,obj_7,2,92,2,,proxy,itodd/obj_000013,0,fp_solo_render,130.641,,18.79,0.1052,0.3587,42.5,1.7,solo,,,,40,10,10,0,0,0,0,0.0,"B,B,B,B,B,B,B,B,B,B",all_blocked,2.0,2026-09-11T16:00:06,216.0,1
tless7,20,2,tless,7,obj_7,6,206,1,,gt_pose,gt,0,sim_true,,,,,,0.2,1.7,solo,,,,40,12,0,3,1,0,1,14.4,"F,F,S",,0.3,2026-09-11T16:00:08,252.0,1
tless7,20,2,tless,7,obj_7,6,206,1,,gt,gt,0,fp_solo_render,15.5,,4.07,0.0228,0.9289,10.4,1.7,solo,,,,40,12,0,2,1,0,1,14.8,"F,S",,3.4,2026-09-11T16:00:08,252.0,1
tless7,20,2,tless,7,obj_7,6,206,1,,proxy,itodd/obj_000013,0,fp_solo_render,136.625,,14.4,0.0806,0.3537,30.2,1.7,solo,,,,40,0,0,0,0,0,0,0.0,,unreachable,1.4,2026-09-11T16:00:12,252.0,1
tless7,20,2,tless,7,obj_7,12,171,4,,gt_pose,gt,0,sim_true,,,,,,0.2,1.7,solo,,,,40,8,0,2,1,0,1,14.6,"F,S",,0.4,2026-09-11T16:00:13,288.0,1
tless7,20,2,tless,7,obj_7,12,171,4,,gt,gt,0,fp_solo_render,29.938,,4.21,0.0236,0.9086,11.7,1.7,solo,,,,40,7,0,1,1,1,1,12.4,S,,3.5,2026-09-11T16:00:14,288.0,1
tless7,20,2,tless,7,obj_7,12,171,4,,proxy,itodd/obj_000013,0,fp_solo_render,138.719,,19.17,0.1073,0.3478,42.6,1.7,solo,,,,40,3,0,3,0,0,0,0.0,"F,F,F",grasp_failed,1.7,2026-09-11T16:00:17,288.0,1
tless7,20,2,tless,7,obj_7,17,256,5,,gt_pose,gt,0,sim_true,,,,,,0.2,1.7,solo,,,,40,17,0,1,1,1,1,5.3,S,,0.3,2026-09-11T16:00:19,324.0,1
tless7,20,2,tless,7,obj_7,17,256,5,,gt,gt,0,fp_solo_render,28.688,,7.07,0.0396,0.6723,23.5,1.7,solo,,,,40,14,0,1,1,1,1,14.5,S,,3.6,2026-09-11T16:00:19,324.0,1
tless7,20,2,tless,7,obj_7,17,256,5,,proxy,itodd/obj_000013,0,fp_solo_render,140.125,,24.64,0.138,0.2355,46.4,1.7,solo,,,,40,5,2,3,0,0,0,0.0,"F,F,F,B,B",grasp_failed,1.8,2026-09-11T16:00:23,324.0,1
lmo10,21,2,lmo,10,eggbox,2,611,5,,gt_pose,gt,0,sim_true,,,,,,0.0,2.0,solo,,,,40,11,0,1,1,1,1,14.5,S,,0.4,2026-09-11T16:56:28,0.0,1
lmo10,21,2,lmo,10,eggbox,2,611,5,,gt,gt,0,fp_solo_render,54.625,,3.86,0.0234,1.0,7.9,2.0,solo,,,,40,11,0,1,1,1,1,14.7,S,,3.6,2026-09-11T16:56:28,0.0,1
lmo10,21,2,lmo,10,eggbox,2,611,5,,proxy,gso/MINI_ROLLER,1,fp_solo_render,140.156,,25.67,0.1559,0.2959,53.9,2.0,solo,,,,40,10,0,1,1,1,1,12.4,S,,4.0,2026-09-11T16:56:32,0.0,1
lmo10,21,2,lmo,10,eggbox,2,791,5,,gt_pose,gt,0,sim_true,,,,,,0.0,2.0,solo,,,,40,8,0,1,1,1,1,6.5,S,,0.3,2026-09-11T16:56:36,36.0,1
lmo10,21,2,lmo,10,eggbox,2,791,5,,gt,gt,0,fp_solo_render,71.328,,6.86,0.0417,0.5843,13.7,2.0,solo,,,,40,10,0,1,1,1,1,7.9,S,,2.5,2026-09-11T16:56:36,36.0,1
lmo10,21,2,lmo,10,eggbox,2,791,5,,proxy,gso/MINI_ROLLER,1,fp_solo_render,142.125,,16.9,0.1027,0.3359,33.9,2.0,solo,,,,40,3,1,2,0,0,0,0.0,"F,F,B",grasp_failed,3.3,2026-09-11T16:56:39,36.0,1
lmo10,21,2,lmo,10,eggbox,2,883,5,,gt_pose,gt,0,sim_true,,,,,,0.0,2.0,solo,,,,40,11,0,1,1,1,1,15.0,S,,0.2,2026-09-11T16:56:42,72.0,1
lmo10,21,2,lmo,10,eggbox,2,883,5,,gt,gt,0,fp_solo_render,85.938,,5.67,0.0344,0.7814,10.5,2.0,solo,,,,40,12,0,1,1,1,1,15.0,S,,2.5,2026-09-11T16:56:42,72.0,1
lmo10,21,2,lmo,10,eggbox,2,883,5,,proxy,gso/MINI_ROLLER,1,fp_solo_render,137.812,,15.38,0.0934,0.422,35.7,2.0,solo,,,,40,12,0,5,0,0,0,0.0,"F,F,F,F,F",grasp_failed,3.2,2026-09-11T16:56:45,72.0,1
lmo10,21,2,lmo,10,eggbox,2,903,5,,gt_pose,gt,0,sim_true,,,,,,0.0,2.0,solo,,,,40,16,0,1,1,1,1,6.8,S,,0.3,2026-09-11T16:56:48,108.0,1
lmo10,21,2,lmo,10,eggbox,2,903,5,,gt,gt,0,fp_solo_render,80.234,,6.6,0.0401,0.6009,12.5,2.0,solo,,,,40,15,0,1,1,1,1,14.9,S,,2.4,2026-09-11T16:56:49,108.0,1
lmo10,21,2,lmo,10,eggbox,2,903,5,,proxy,gso/MINI_ROLLER,1,fp_solo_render,139.5,,14.43,0.0876,0.3851,24.7,2.0,solo,,,,40,4,0,4,0,0,0,0.0,"F,F,F,F",grasp_failed,3.4,2026-09-11T16:56:51,108.0,1
lmo10,21,2,lmo,10,eggbox,2,904,5,,gt_pose,gt,0,sim_true,,,,,,0.0,2.0,solo,,,,40,12,0,1,1,1,1,6.0,S,,0.3,2026-09-11T16:56:55,144.0,1
lmo10,21,2,lmo,10,eggbox,2,904,5,,gt,gt,0,fp_solo_render,71.859,,5.61,0.0341,0.8085,11.1,2.0,solo,,,,40,12,0,1,1,1,1,15.0,S,,2.4,2026-09-11T16:56:55,144.0,1
lmo10,21,2,lmo,10,eggbox,2,904,5,,proxy,gso/MINI_ROLLER,1,fp_solo_render,138.812,,17.84,0.1083,0.3905,42.8,2.0,solo,,,,40,2,0,2,0,0,0,0.0,"F,F",grasp_failed,3.1,2026-09-11T16:56:57,144.0,1
lmo10,21,2,lmo,10,eggbox,2,1148,5,,gt_pose,gt,0,sim_true,,,,,,0.0,2.0,solo,,,,40,9,0,1,1,1,1,14.4,S,,0.2,2026-09-11T16:57:01,180.0,1
lmo10,21,2,lmo,10,eggbox,2,1148,5,,gt,gt,0,fp_solo_render,29.438,,3.84,0.0233,0.9973,8.0,2.0,solo,,,,40,9,0,1,1,1,1,14.6,S,,2.4,2026-09-11T16:57:01,180.0,1
lmo10,21,2,lmo,10,eggbox,2,1148,5,,proxy,gso/MINI_ROLLER,1,fp_solo_render,141.406,,19.71,0.1197,0.3443,44.6,2.0,solo,,,,40,12,0,5,0,0,0,0.0,"F,F,F,F,F",grasp_failed,3.3,2026-09-11T16:57:03,180.0,1
lmo10,21,2,lmo,10,eggbox,2,1168,5,,gt_pose,gt,0,sim_true,,,,,,0.0,2.0,solo,,,,40,7,0,1,1,1,1,14.7,S,,0.2,2026-09-11T16:57:07,216.0,1
lmo10,21,2,lmo,10,eggbox,2,1168,5,,gt,gt,0,fp_solo_render,59.812,,4.99,0.0303,0.8982,9.7,2.0,solo,,,,40,7,0,3,1,0,1,14.1,"F,F,S",,2.5,2026-09-11T16:57:07,216.0,1
lmo10,21,2,lmo,10,eggbox,2,1168,5,,proxy,gso/MINI_ROLLER,1,fp_solo_render,136.594,,7.18,0.0436,0.6737,10.6,2.0,solo,,,,40,2,2,0,0,0,0,0.0,"B,B",all_blocked,3.1,2026-09-11T16:57:09,216.0,1
lmo10,21,2,lmo,10,eggbox,2,1212,5,,gt_pose,gt,0,sim_true,,,,,,0.0,2.0,solo,,,,40,6,0,2,1,0,1,14.8,"F,S",,0.3,2026-09-11T16:57:13,252.0,1
lmo10,21,2,lmo,10,eggbox,2,1212,5,,gt,gt,0,fp_solo_render,85.477,,4.67,0.0284,0.9723,8.5,2.0,solo,,,,40,6,0,3,1,0,1,13.9,"F,F,S",,2.6,2026-09-11T16:57:13,252.0,1
lmo10,21,2,lmo,10,eggbox,2,1212,5,,proxy,gso/MINI_ROLLER,1,fp_solo_render,132.25,,10.44,0.0634,0.513,19.6,2.0,solo,,,,40,8,0,5,0,0,0,0.0,"F,F,F,F,F",grasp_failed,3.3,2026-09-11T16:57:15,252.0,1
lmo10,21,2,lmo,10,eggbox,2,625,5,,gt_pose,gt,0,sim_true,,,,,,0.0,2.0,solo,,,,40,8,0,5,0,0,0,0.0,"F,F,F,F,F",grasp_failed,0.4,2026-09-11T16:57:19,288.0,1
lmo10,21,2,lmo,10,eggbox,2,625,5,,gt,gt,0,fp_solo_render,57.062,,6.11,0.0371,0.6835,11.7,2.0,solo,,,,40,8,0,5,0,0,0,0.0,"F,F,F,F,F",grasp_failed,2.5,2026-09-11T16:57:19,288.0,1
lmo10,21,2,lmo,10,eggbox,2,625,5,,proxy,gso/MINI_ROLLER,1,fp_solo_render,132.062,,12.55,0.0762,0.4526,35.5,2.0,solo,,,,40,10,7,3,0,0,0,0.0,"F,B,F,F,B,B,B,B,B,B",grasp_failed,3.7,2026-09-11T16:57:22,288.0,1
